name,address,city,state,zip,latitude,longitude,geocodeStatus,metro
"FASTSIGNS of Birmingham - Hoover/Vestavia Hills, AL","2711 John Hawkins Pkwy Hoover, AL 35244 USA",Hoover,AL,35244,33.361392535593,-86.829692398275,ok,
"FASTSIGNS of Birmingham, AL - Downtown","4245 1st Ave N Birmingham, AL 35222 USA",Birmingham,AL,35222,33.529579041343,-86.773594663725,ok,
"FASTSIGNS of Decatur, AL","2934 Point Mallard Parkway, SE, Suite A5 Decatur, AL 35603 USA","SE, Suite A5 Decatur",AL,35603,34.541765486697,-86.921820068945,ok,
"FASTSIGNS of Dothan, AL","3160 W Main St, Ste 6 Dothan, AL 36305 USA",Dothan,AL,36305,31.228865034821,-85.439062746486,ok,
"FASTSIGNS of Huntsville, AL","4294 University Dr. NW, Ste. A Huntsville, AL 35816 USA",Ste. A Huntsville,AL,35816,34.735074646563,-86.632296361994,ok,
"FASTSIGNS of Mobile, AL","4668 Airport Blvd Mobile, AL 36608 USA",Mobile,AL,36608,30.676155661435,-88.172439127004,ok,
"FASTSIGNS of Montgomery, AL","1028 Lagoon Business Loop Montgomery, AL 36117 USA",Montgomery,AL,36117,32.408937939643,-86.218101976563,ok,
"FASTSIGNS of The Eastern Shore, AL","2101 US Highway 98, Suite G Daphne, AL 36526 USA","98, Suite G Daphne",AL,36526,30.607838125278,-87.898892071326,ok,
"FASTSIGNS of Tuscaloosa, AL","6201 McFarland Blvd E. Tuscaloosa, AL 35405 USA",Tuscaloosa,AL,35405,,,failed,
"FASTSIGNS of Chandler, AZ","3205 N Arizona Ave, Ste 6 Chandler, AZ 85225 USA",Chandler,AZ,85225,33.35244637033,-111.841718804902,ok,
"FASTSIGNS of East Tucson, AZ","7955 E. Broadway Blvd, Ste 157 Tucson, AZ 85710 USA",Tucson,AZ,85710,32.221015289323,-110.822311322133,ok,
"FASTSIGNS of Gilbert, AZ","1981 E Pecos Rd, Ste 104 Gilbert, AZ 85295 USA",Gilbert,AZ,85295,33.294603085264,-111.747133773976,ok,
"FASTSIGNS of Glendale, AZ","6020 W Bell Rd, Ste E101 Glendale, AZ 85308 USA",Glendale,AZ,85308,33.638730026317,-112.189080674711,ok,
"FASTSIGNS of Goodyear, AZ","600 N Bullard Ave, Ste 7 Goodyear, AZ 85338-2517 USA",Goodyear,AZ,85338,33.440280759883,-112.375670662594,ok,
"FASTSIGNS of Mesa, AZ","7415 E Southern Ave, Unit 104 Mesa, AZ 85209 USA",Mesa,AZ,85209,33.39327227288,-111.672466302331,ok,
FASTSIGNS of Phoenix AZ - North,"4731 E Union Hills Dr, Ste 112 Phoenix, AZ 85050-3319 USA",Phoenix,AZ,85050,33.655158554124,-111.980130926507,ok,
"FASTSIGNS of Phoenix, AZ - Central/Downtown","2517 N Central Ave Phoenix, AZ 85004 USA",Phoenix,AZ,85004,33.475786174882,-112.073702789311,ok,
"FASTSIGNS of Phoenix, Central, East Phoenix, AZ","2924 N 30th St Phoenix, AZ 85016-8008 USA",Phoenix,AZ,85016,33.481014105379,-112.01729318409,ok,
"FASTSIGNS of Scottsdale, AZ - Airpark","7650 E Redfield Rd, Ste C-2 Scottsdale, AZ 85260-6906 USA",Scottsdale,AZ,85260,33.614007520111,-111.915057933562,ok,
"FASTSIGNS of South Scottsdale, AZ","1921 N Scottsdale Rd Scottsdale, AZ 85257-2118 USA",Scottsdale,AZ,85257,33.469440991183,-111.926134112337,ok,
"FASTSIGNS of Surprise, AZ","15332 W Bell Rd, Ste 118 Surprise, AZ 85374-2464 USA",Surprise,AZ,85374,33.638836987113,-112.390494059324,ok,
"FASTSIGNS of Tempe/Southeast Phoenix, AZ","1320 Priest Dr, Ste 104 Tempe, AZ 85281-6959 USA",Tempe,AZ,85281,33.441725372803,-111.958224163128,ok,
"FASTSIGNS of Tucson, AZ - Oracle","3988 N Oracle Rd Tucson, AZ 85705 USA",Tucson,AZ,85705,32.278989977413,-110.97798253029,ok,
"FASTSIGNS of Tucson, AZ - Speedway Blvd","3461 E Speedway Blvd Tucson, AZ 85716 USA",Tucson,AZ,85716,32.236203708029,-110.918845178548,ok,
"FASTSIGNS of West Mesa, AZ","1911 W. Broadway, Suite 7 Mesa, AZ 85202 USA","1911 W. Broadway, Suite 7 Mesa",AZ,85202,33.407540354291,-111.872955504861,ok,
"FASTSIGNS of Little Rock, AR","240 S Shackleford, Suite D Little Rock, AR 72211 USA","240 S Shackleford, Suite D Little Rock",AR,72211,34.752695535599,-92.393958251702,ok,
"FASTSIGNS of Maumelle, AR - North Little Rock","9831 Maumelle Blvd. North Little Rock, AR 72113 USA",North Little Rock,AR,72113,34.822733292081,-92.371142149117,ok,
"FASTSIGNS of North Little Rock, AR - Argenta","300 West 5th North Little Rock, AR 72114 USA",300 West 5th North Little Rock,AR,72114,34.758045510282,-92.270152612594,ok,
"FASTSIGNS of Springdale, AR","1916 W Sunset Ave Springdale, AR 72762 USA",Springdale,AR,72762,36.174834016369,-94.151504111825,ok,
"FASTSIGNS of Eastvale, CA","5337 Hamner Ave, Ste 708 Eastvale, CA 91752 USA",Eastvale,CA,91752,,,failed,
"FASTSIGNS of Santa Ana, CA","3011 S. Harbor Blvd Santa Ana, CA 92704 USA",Santa Ana,CA,92704,33.70685734137,-117.919503020663,ok,los_angeles
"FASTSIGNS of West Covina, CA","1414 S Azusa Avenue, Suite B06 West Covina, CA 91791 USA",West Covina,CA,91791,34.039835436424,-117.912806220055,ok,los_angeles
"FASTSIGNS of American Canyon, CA","100 W American Canyon Rd K-8 American Canyon, CA 94503 USA",K-8 American Canyon,CA,94503,38.165379016604,-122.250194920375,ok,
"FASTSIGNS of Antioch, California","1388 Sunset Dr Antioch, CA 94509 USA",Antioch,CA,94509,37.997616614386,-121.790299749679,ok,
"FASTSIGNS of Brea, CA","2781 Saturn Street, Unit E Brea, CA 92821 USA",Brea,CA,92821,33.90843485969,-117.860399565061,ok,
"FASTSIGNS of Camarillo, CA","1877 E. Daily Dr., Suite E Camarillo, CA 93010 USA",Camarillo,CA,93010,34.217830752692,-119.045064205191,ok,
"FASTSIGNS of Clovis, CA","1541 Railroad Ave Clovis, CA 93612 USA",Clovis,CA,93612,36.812691171383,-119.699689167697,ok,
"FASTSIGNS of Concord - Martinez, CA","5153 Commercial Circle, Suite C Concord, CA 94520 USA",Concord,CA,94520,38.019263737207,-122.02900145899,ok,
"FASTSIGNS of Culver City, CA","4031 Sepulveda Blvd Culver City, CA 90230 USA",Culver City,CA,90230,34.008255822234,-118.413646501756,ok,los_angeles
FASTSIGNS of Downtown Oakland,"325 5th St Oakland, CA 94607 USA",Oakland,CA,94607,37.797683635804,-122.274259607746,ok,san_francisco
"FASTSIGNS of Dublin, CA","7660 Amador Valley Blvd Dublin, CA 94568 USA",Dublin,CA,94568,37.707970892596,-121.93296879926,ok,san_francisco
"FASTSIGNS of El Cajon, CA","584 Broadway El Cajon, CA 92021 USA",584 Broadway El Cajon,CA,92021,32.807743513374,-116.955440215785,ok,
"FASTSIGNS of Elk Grove, CA","9632 Emerald Oak Dr, Ste A Elk Grove, CA 95624-2258 USA",Elk Grove,CA,95624,38.4083768393,-121.378929529123,ok,
"FASTSIGNS of Encinitas, CA","1441 Encinitas Blvd, Ste 120-122 Encinitas, CA 92024 USA",Encinitas,CA,92024,33.045809579958,-117.258382275748,ok,
"FASTSIGNS of Escondido, CA","945 W Valley Pkwy, Ste A Escondido, CA 92025 USA",Escondido,CA,92025,33.117402001643,-117.094407191352,ok,
"FASTSIGNS of Folsom, CA","420 E Bidwell St Folsom, CA 95630-3117 USA",Folsom,CA,95630,38.673885717228,-121.166720647821,ok,
"FASTSIGNS of Fremont, CA","44755 S Grimmer Blvd, Ste G Fremont, CA 94538 USA",Fremont,CA,94538,37.502202032099,-121.950459394499,ok,san_francisco
"FASTSIGNS of Fresno, CA","2745 W Shaw Ave, Ste 120 Fresno, CA 93711 USA",Fresno,CA,93711,36.808227005767,-119.843243118332,ok,
"FASTSIGNS of Fullerton, CA","1133 S Placentia Ave Fullerton, CA 92831 USA",Fullerton,CA,92831,33.860770398678,-117.882913020054,ok,
"FASTSIGNS of Garden Grove, CA","11938 South St. Artesia, CA 90703 USA",Artesia,CA,90703,33.858419397764,-118.077976782573,ok,los_angeles
"FASTSIGNS of Inglewood / LAX, CA","403 S La Brea Ave Inglewood, CA 90301-2321 USA",Inglewood,CA,90301,33.959321893504,-118.353358304236,ok,los_angeles
"FASTSIGNS of Irvine, CA","18021 Sky Park Circle, Ste J Irvine, CA 92614 USA",Irvine,CA,92614,33.688356925106,-117.85816169513,ok,
"FASTSIGNS of Lake Forest, CA","24282 Swartz Dr Lake Forest, CA 92630 USA",Lake Forest,CA,92630,33.615849624522,-117.705854580149,ok,
"FASTSIGNS of Lemon Grove-La Mesa, CA","6961 Broadway Lemon Grove, CA 91945 USA",6961 Broadway Lemon Grove,CA,91945,32.742464717626,-117.044633772805,ok,
"FASTSIGNS of Long Beach, CA","2335 Long Beach Blvd. Long Beach, CA 90806 USA",Long Beach,CA,90806,33.799582345416,-118.189433214043,ok,los_angeles
FASTSIGNS of Los Angeles - West Hollywood,"335 N. La Cienega Blvd. Los Angeles, CA 90048 USA",Los Angeles,CA,90048,34.077235745978,-118.376664984677,ok,los_angeles
"FASTSIGNS of Los Angeles, CA - Financial District","333 South Spring St, Ste F2 Los Angeles, CA 90013 USA",Los Angeles,CA,90013,34.049817184348,-118.24745559661,ok,los_angeles
"FASTSIGNS of Monrovia, CA","107 W Foothill Blvd Monrovia, CA 91016 USA",Monrovia,CA,91016,34.151410649774,-118.001341501941,ok,los_angeles
"FASTSIGNS of Moreno Valley, CA","23209 Sunnymead Blvd Moreno Valley, CA 92553 USA",Moreno Valley,CA,92553,33.93908143778,-117.257597207735,ok,
"FASTSIGNS of National City, CA","1469 E Plaza Blvd National City, CA 91950 USA",National City,CA,91950,32.676829535915,-117.090940356353,ok,
"FASTSIGNS of North Hollywood, CA","7306 Coldwater Canyon Ave., Suite 11 North Hollywood, CA 91605 USA",North Hollywood,CA,91605,34.202999722263,-118.413719496319,ok,los_angeles
"FASTSIGNS of Ontario, CA","1351 S Grove Ave, Ste 107 Ontario, CA 91761 USA",Ontario,CA,91761,34.04909363528,-117.628537179741,ok,
"FASTSIGNS of Orange, CA","1108 E Katella Ave, Suite C-1 Orange, CA 92867 USA",Orange,CA,92867,33.809089946436,-117.84190533413,ok,
"FASTSIGNS of Oxnard, CA","2339 N Oxnard Blvd Oxnard, CA 93036 USA",Oxnard,CA,93036,34.228084047232,-119.177966677792,ok,
"FASTSIGNS of Palm Springs, CA","540 S Vella Rd Palm Springs, CA 92264 USA",Palm Springs,CA,92264,33.815341042768,-116.497336670293,ok,
"FASTSIGNS of Petaluma, CA","1372 N McDowell Blvd, Ste B Petaluma, CA 94954 USA",Petaluma,CA,94954,38.273653704358,-122.665686329625,ok,
"FASTSIGNS of Pleasant Hill, CA","3381 Vincent Rd , Ste J Pleasant Hill, CA 94523 USA",Pleasant Hill,CA,94523,37.939104062197,-122.053913253404,ok,san_francisco
"FASTSIGNS of Pomona, CA","3503 W Temple Ave, Ste E Pomona, CA 91768-3264 USA",Pomona,CA,91768,34.048496933749,-117.812444546913,ok,
"FASTSIGNS of Rancho Cordova, CA","2246 Sunrise Blvd, Ste 8 Rancho Cordova, CA 95670 USA",Rancho Cordova,CA,95670,38.620934129774,-121.26743425735,ok,
"FASTSIGNS of Rancho Cucamonga, CA","9253 Hermosa Ave, Ste E Rancho Cucamonga, CA 91730 USA",Rancho Cucamonga,CA,91730,34.085343949946,-117.584545240676,ok,
"FASTSIGNS of Redwood City, CA","1476 Oddstad Dr Redwood City, CA 94063-2607 USA",Redwood City,CA,94063,37.490299801678,-122.217776509769,ok,san_francisco
"FASTSIGNS of Riverside, CA Coming Soon","123 FASTSIGNS Ave. Riverside, CA 92516 USA",Riverside,CA,92516,,,failed,
"FASTSIGNS of Roseville, CA","1900 Douglas Blvd, Ste E Roseville, CA 95661 USA",Roseville,CA,95661,38.744201969995,-121.254943958209,ok,
"FASTSIGNS of Sacramento - Arden-Arcade, CA","1720 Fulton Ave Sacramento, CA 95825-2416 USA",Sacramento,CA,95825,38.596401489109,-121.401354532585,ok,
"FASTSIGNS of Sacramento/Natomas Airport Area, CA","2580 Arena Blvd, Ste B110 Sacramento, CA 95834-7942 USA",Sacramento,CA,95834,38.642940621051,-121.519122195477,ok,
"FASTSIGNS of San Bernardino, CA","1650 South E St, Ste D San Bernardino, CA 92408-2752 USA",San Bernardino,CA,92408,34.071618909393,-117.294235642216,ok,
"FASTSIGNS of San Diego, CA - Downtown - East Village","1495 G Street, Suite B-2 San Diego, CA 92101 USA",San Diego,CA,92101,32.712570943283,-117.150504559331,ok,
"FASTSIGNS of San Diego, CA - Kearny Mesa","7373 Clairemont Mesa Blvd San Diego, CA 92111 USA",San Diego,CA,92111,32.832617458094,-117.159665012542,ok,
"FASTSIGNS of San Diego, CA - Miramar Road","8134 Miramar Rd San Diego, CA 92126 USA",San Diego,CA,92126,32.889132559944,-117.143999304194,ok,
"FASTSIGNS of San Diego, CA - Rancho Bernardo","12285 World Trade Dr, Ste H San Diego, CA 92128 USA",San Diego,CA,92128,32.987898625066,-117.071911935344,ok,
"FASTSIGNS of San Diego, CA - Sports Arena","3166 Midway Dr, Ste 107 San Diego, CA 92110 USA",San Diego,CA,92110,32.750431381839,-117.208278455871,ok,
"FASTSIGNS of San Diego, CA- South Bay","675 Saturn Blvd., STE E San Diego, CA 92154 USA",San Diego,CA,92154,32.584273375462,-117.092607966242,ok,
"FASTSIGNS of San Jose, CA - Downtown","1630 Oakland Rd, Ste A111 San Jose, CA 95131-2461 USA",San Jose,CA,95131,37.379784803809,-121.895414031937,ok,
FASTSIGNS of San Jose-Campbell,"1228 S Bascom Ave, Ste A San Jose, CA 95128-3513 USA",San Jose,CA,95128,37.303374042332,-121.931651787861,ok,
"FASTSIGNS of San Jose-Capitol Expressway, CA","705 Capitol Expressway Auto Mall, Ste 10 San Jose, CA 95136 USA","Auto Mall, Ste 10 San Jose",CA,95136,,,failed,
"FASTSIGNS of San Luis Obispo, CA Coming Soon","123 FASTSIGNS Ave. San Louis Obispo, CA 93401 USA",San Louis Obispo,CA,93401,,,failed,
"FASTSIGNS of San Mateo, CA","2130 S El Camino Real San Mateo, CA 94403 USA",2130 S El Camino Real San Mateo,CA,94403,37.54707720015,-122.308607283214,ok,san_francisco
"FASTSIGNS of San Rafael, CA","625-C Du Bois St San Rafael, CA 94901 USA",San Rafael,CA,94901,37.965929309091,-122.519928969875,ok,
"FASTSIGNS of San Ramon, CA","2551 San Ramon Valley Blvd, Ste 110 San Ramon, CA 94583-1661 USA",San Ramon,CA,94583,37.772471046666,-121.974407697722,ok,san_francisco
"FASTSIGNS of Santa Clarita, CA","21515 Centre Pointe Parkway Santa Clarita, CA 91350 USA",Santa Clarita,CA,91350,34.412690518867,-118.514341607538,ok,
"FASTSIGNS of Santa Fe Springs, CA","11875 Telegraph Rd Santa Fe Springs, CA 90670 USA",Santa Fe Springs,CA,90670,33.945005479928,-118.08006119259,ok,los_angeles
"FASTSIGNS of Santa Rosa, CA","3768 Santa Rosa Ave. Santa Rosa, CA 95407 USA",Santa Rosa,CA,95407,38.387641684357,-122.71350507066,ok,
"FASTSIGNS of Sherman Oaks, CA","14308 Ventura Blvd Sherman Oaks, CA 91423-2753 USA",Sherman Oaks,CA,91423,34.150107898423,-118.444168898624,ok,los_angeles
"FASTSIGNS of Sunnyvale, CA","546-2 Lawrence Expy Sunnyvale, CA 94085 USA",Sunnyvale,CA,94085,37.384082281208,-121.995672510731,ok,
"FASTSIGNS of Tarzana, CA","19229 Ventura Blvd Tarzana, CA 91356 USA",Tarzana,CA,91356,34.172679090058,-118.552201311454,ok,los_angeles
"FASTSIGNS of Temecula, CA","28165 Jefferson Ave, Ste A Temecula, CA 92590 USA",Temecula,CA,92590,33.500752228042,-117.154542329269,ok,
"FASTSIGNS of Thousand Oaks, CA - Westlake Village","31344 Via Colinas, Unit 103 Westlake Village, CA 91362 USA","31344 Via Colinas, Unit 103 Westlake Village",CA,91362,,,failed,
"FASTSIGNS of Torrance, CA","1103 Sartori Ave. Torrance, CA 90501 USA",Torrance,CA,90501,33.836210261771,-118.316987203012,ok,los_angeles
"FASTSIGNS of Tracy, CA","1418 Mariani Ct, Suite 110 Tracy, CA 95376-2855 USA",Tracy,CA,95376,37.74369230946,-121.413247725444,ok,
"FASTSIGNS of Ventura, CA","3959 E Main St, Ste A Ventura, CA 93003-5248 USA",Ventura,CA,93003,34.263673612129,-119.23926648746,ok,
"FASTSIGNS of Visalia, CA","10725 W Goshen Ave Visalia, CA 93291 USA",Visalia,CA,93291,36.341694680471,-119.410581883641,ok,
"FASTSIGNS of Vista, CA","2070 Hacienda Dr, Ste F Vista, CA 92081 USA",Vista,CA,92081,33.184351124411,-117.285970827205,ok,
"FASTSIGNS of Whittier, CA","12207 Whittier Blvd., Suite A Whittier, CA 90602 USA",Whittier,CA,90602,33.976409415585,-118.04738717175,ok,los_angeles
"FASTSIGNS of Windsor, CA - Sonoma County","7694 Bell Road Windsor, CA 95492 USA",Windsor,CA,95492,38.536834572656,-122.803401831454,ok,
"FASTSIGNS of Arvada, CO","7320 W 52nd Ave, Unit A Arvada, CO 80002 USA",Arvada,CO,80002,39.791013578853,-105.076265312257,ok,
"FASTSIGNS of Aurora, CO","1690 S Abilene St, Ste 103 Aurora, CO 80012 USA",Aurora,CO,80012,39.684769294309,-104.828190745288,ok,
"FASTSIGNS of Boulder, CO","3140 Valmont Rd Boulder, CO 80301 USA",Boulder,CO,80301,40.029140487662,-105.252099080716,ok,
"FASTSIGNS of Broomfield, CO","799 US Highway 287, Suite F Broomfield, CO 80020 USA","287, Suite F Broomfield",CO,80020,39.926842868595,-105.090962537258,ok,
"FASTSIGNS of Colorado Springs, CO - Central","2510 E. Boulder St Colorado Springs, CO 80909 USA",Colorado Springs,CO,80909,38.838220469424,-104.779681647318,ok,
"FASTSIGNS of Colorado Springs, CO - North","5125 N Union Blvd, Ste 150 Colorado Springs, CO 80918-2066 USA",Colorado Springs,CO,80918,38.906132163673,-104.774625212336,ok,
"FASTSIGNS of Downtown Denver, CO","1650 Champa St Denver, CO 80202 USA",Denver,CO,80202,39.74695264869,-104.993268474468,ok,
"FASTSIGNS of DTC, CO","10697 E Briarwood Cir Centennial, CO 80112-1147 USA",Centennial,CO,80112,39.593454671655,-104.864860682759,ok,
"FASTSIGNS of Durango, CO","67 Suttle St, Ste B Durango, CO 81303 USA",Durango,CO,81303,37.246962941582,-107.876538389148,ok,
"FASTSIGNS of Englewood - Littleton, CO","110 E Centennial Ave Englewood, CO 80113 USA",Englewood,CO,80113,39.621844795682,-104.985952809992,ok,
"FASTSIGNS of Grand Junction, CO","615 Colorado Ave Grand Junction, CO 81501 USA",Grand Junction,CO,81501,39.066272624245,-108.562445451835,ok,
"FASTSIGNS of Greeley, CO","2601 W 28th St Greeley, CO 80634 USA",Greeley,CO,80634,40.392496914135,-104.722744969067,ok,
"FASTSIGNS of Highlands Ranch, CO","9090 South Ridgeline Boulevard, Suite 105 Highlands Ranch, CO 80129 USA",Highlands Ranch,CO,80129,39.551233433265,-104.996402178525,ok,
"FASTSIGNS of Lakewood, CO","10790 W Alameda Ave Lakewood, CO 80226 USA",Lakewood,CO,80226,39.710681298208,-105.118957198376,ok,
"FASTSIGNS of Longmont, CO","203 S Main St, Ste B Longmont, CO 80501 USA",Longmont,CO,80501,40.154731444341,-105.102623240578,ok,
"FASTSIGNS of Loveland, CO Coming Soon","123 FASTSIGNS Ave Loveland, CO 80537 USA",Loveland,CO,80537,,,failed,
"FASTSIGNS of Midtown Denver, CO","1485 S Colorado Blvd, Ste 150 Denver, CO 80222 USA",Denver,CO,80222,39.689617828794,-104.940807611633,ok,
"FASTSIGNS of Northglenn, CO","1480 W 104th Ave Northglenn, CO 80234 USA",Northglenn,CO,80234,39.88499759615,-105.004477231679,ok,
"FASTSIGNS of Parker, CO","18921 Plaza Dr, Ste 102 Parker, CO 80134 USA",Parker,CO,80134,39.526740356307,-104.770171883928,ok,
"FASTSIGNS of Clinton, CT","10 West Main St. Clinton, CT 06413 USA",Clinton,CT,06413,41.278620621849,-72.528232342212,ok,
"FASTSIGNS of Hartford, CT","942 Main St Hartford, CT 06103-1214 USA",Hartford,CT,06103,41.768002035705,-72.672994396711,ok,
"FASTSIGNS of Manchester, CT","101 Hale Rd, Ste B Manchester, CT 06042 USA",Manchester,CT,06042,41.811123462914,-72.530099059252,ok,
"FASTSIGNS of Middletown, CT","182 Court St Middletown, CT 06457 USA",Middletown,CT,06457,41.560301700095,-72.650338979811,ok,
"FASTSIGNS of Milford, CT","1015 Bridgeport Ave Milford, CT 06460 USA",Milford,CT,06460,41.215834500508,-73.071151744863,ok,
"FASTSIGNS of Newington, CT","2434 Berlin Turnpike, Unit #5 Newington, CT 06111 USA","2434 Berlin Turnpike, Unit #5 Newington",CT,06111,41.688959255849,-72.706471836995,ok,
"FASTSIGNS of North Haven, CT","310 Washington Ave, Unit 1 North Haven, CT 06473 USA",North Haven,CT,06473,41.404000651968,-72.847246684948,ok,
"FASTSIGNS of Stamford, CT","583 Pacific Street Stamford, CT 06902 USA",Stamford,CT,06902,41.045423329259,-73.5375501433,ok,
"FASTSIGNS of Waterford, CT","217 Boston Post Rd Waterford, CT 06385 USA",Waterford,CT,06385,41.345528162757,-72.137149172589,ok,
"FASTSIGNS of Wilmington, DE","3203 Concord Pike Wilmington, DE 19803 USA",Wilmington,DE,19803,39.800268629965,-75.547770130112,ok,
"FASTSIGNS of Wilmington, Delaware","1300 First State Blvd, Ste G Wilmington, DE 19804 USA",Wilmington,DE,19804,,,failed,
"FASTSIGNS of Apopka, FL","3030 E Semoran Blvd, Ste 156 Apopka, FL 32703-5909 USA",Apopka,FL,32703,28.671114356928,-81.454480002127,ok,
"FASTSIGNS of Boca Raton, FL","2401 N Federal Hwy, Ste E Boca Raton, FL 33431 USA",Boca Raton,FL,33431,26.371761926137,-80.076711801186,ok,
"FASTSIGNS of Bonita Springs, FL","28440 Old US 41, Ste 6 Bonita Springs, FL 34135 USA","28440 Old US 41, Ste 6 Bonita Springs",FL,34135,,,failed,
"FASTSIGNS of Bradenton, FL","3615 14th St W Bradenton, FL 34205 USA",Bradenton,FL,34205,27.468263654218,-82.575202004115,ok,
"FASTSIGNS of Brandon, FL","2020 W Brandon Blvd, Ste 170 Brandon, FL 33511-4706 USA",Brandon,FL,33511,27.937756570585,-82.316883217774,ok,
"FASTSIGNS of Cape Coral, FL","290 Nicholas Parkway NW, Ste 9 Cape Coral, FL 33991 USA",Cape Coral,FL,33991,26.647031245493,-81.986849954768,ok,
"FASTSIGNS of Casselberry, FL - Winter Park","915 SR 436 Casselberry, FL 32707 USA",915 SR 436 Casselberry,FL,32707,28.649121727109,-81.325630102883,ok,
"FASTSIGNS of Clearwater, FL","712 S Missouri Ave Clearwater, FL 33756 USA",Clearwater,FL,33756,27.958175762141,-82.787659369268,ok,
"FASTSIGNS of Clermont, FL","602 East Highway 50, Unit D Clermont, FL 34711 USA","50, Unit D Clermont",FL,34711,28.551391456624,-81.765212614341,ok,
"FASTSIGNS of Coral Springs, FL","7565 W Sample Rd Coral Springs, FL 33065-4701 USA",Coral Springs,FL,33065,,,failed,
"FASTSIGNS of Cutler Bay, FL","19740 S Dixie Hwy Cutler Bay, FL 33157 USA",Cutler Bay,FL,33157,25.586535276534,-80.362068288212,ok,miami_dade
"FASTSIGNS of Dania, FL","3328 Griffin Rd Dania, FL 33312 USA",Dania,FL,33312,26.062224762707,-80.187687744487,ok,
"FASTSIGNS of Davie/Plantation, FL","7080 W State Rd 84, Ste 7 Davie, FL 33317 USA","84, Ste 7 Davie",FL,33317,26.096095851399,-80.240454719059,ok,
"FASTSIGNS of Daytona Beach, FL","1027 N. Nova Road, Suite 109 Holly Hill, FL 32117 USA",Holly Hill,FL,32117,29.225282063909,-81.049716231955,ok,
"FASTSIGNS of Deerfield Beach, FL","430 W Hillsboro Blvd Deerfield Beach, FL 33441 USA",Deerfield Beach,FL,33441,26.318323224336,-80.109605881226,ok,
"FASTSIGNS of Fernandina Beach, FL","1410 E Oak St Fernandina Beach, FL 32034 USA",Fernandina Beach,FL,32034,30.638568941268,-81.455569048579,ok,
"FASTSIGNS of Fort Myers, FL","12211 S. Cleveland Ave. Fort Myers, FL 33907 USA",Fort Myers,FL,33907,26.565015583334,-81.871810677445,ok,
"FASTSIGNS of Fort Walton Beach/Destin, FL","903 N Beal Pkwy, Ste A Fort Walton Beach, FL 32547-3404 USA",Fort Walton Beach,FL,32547,,,failed,
"FASTSIGNS of Ft Lauderdale, FL","211 E Oakland Park Blvd Oakland Park, FL 33334 USA",Oakland Park,FL,33334,26.166696132582,-80.144166989579,ok,
"FASTSIGNS of Hollywood, FL","2841 Hollywood Blvd Hollywood, FL 33020 USA",Hollywood,FL,33020,26.011106497633,-80.163751929217,ok,miami_dade
FASTSIGNS of Jacksonville FL - West,"1389 Cassat Ave Jacksonville, FL 32205 USA",Jacksonville,FL,32205,30.296134887924,-81.730395201495,ok,
"FASTSIGNS of Jacksonville, FL - Baymeadows","8535 Baymeadows Rd, Ste 7 Jacksonville, FL 32256 USA",Jacksonville,FL,32256,30.220851310042,-81.580293319065,ok,
"FASTSIGNS of Jacksonville, FL - Orange Park","8102 Blanding Blvd, Ste 14 Jacksonville, FL 32244 USA",Jacksonville,FL,32244,30.203740929847,-81.739592006515,ok,
"FASTSIGNS of Jacksonville, FL - St. Johns Bluff","2141 St Johns Bluff Rd S Jacksonville, FL 32246 USA",Jacksonville,FL,32246,30.311991334292,-81.52516913662,ok,
"FASTSIGNS of Jupiter, FL","250 West Indiantown Rd., Ste 105 Jupiter, FL 33458 USA",Jupiter,FL,33458,26.9340619774,-80.096840108657,ok,
"FASTSIGNS of Kissimmee, FL","1902 West Vine St Kissimmee, FL 34741 USA",Kissimmee,FL,34741,28.304344774946,-81.423205374247,ok,
"FASTSIGNS of Lake Worth, FL","2001 10th Ave N, Ste 2 Lake Worth, FL 33461 USA",Lake Worth,FL,33461,26.627942652646,-80.072505433235,ok,
"FASTSIGNS of Lakeland, FL","228 N Florida Ave Lakeland, FL 33801 USA",Lakeland,FL,33801,28.04631571252,-81.957337659125,ok,
"FASTSIGNS of Lakewood Ranch, FL Coming Soon","Lakewood Ranch, FL 34202 USA",Lakewood Ranch,FL,34202,,,failed,
"FASTSIGNS of Largo, FL","7713 Ulmerton Rd Largo, FL 33771 USA",Largo,FL,33771,,,failed,
"FASTSIGNS of Lynn Haven, FL","1812 S. Hwy 77, Ste 102 Lynn Haven, FL 32444 USA","77, Ste 102 Lynn Haven",FL,32444,30.231875208813,-85.649130845682,ok,
"FASTSIGNS of Melbourne, FL","7640 N Wickham Rd, Ste 115 Melbourne, FL 32940-8147 USA",Melbourne,FL,32940,,,failed,
"FASTSIGNS of Merritt Island, FL","315 S. Courtenay Parkway, Suite 108 Merritt Island, FL 32952 USA",Merritt Island,FL,32952,28.351613030081,-80.700218877785,ok,
FASTSIGNS of Miami - Downtown,"40 NW 3rd St Miami, FL 33128 USA",Miami,FL,33128,25.776963836654,-80.194364527475,ok,miami_dade
"FASTSIGNS of Miami Beach, FL - MiMo District","8690 Biscayne Blvd, Suite #6 Miami, FL 33138 USA",Suite #6 Miami,FL,33138,25.85506964823,-80.184968965197,ok,miami_dade
"FASTSIGNS of Miami Lakes, FL","15925 NW 57th Ave Miami Lakes, FL 33014 USA",Miami Lakes,FL,33014,,,failed,
"FASTSIGNS of Miami, FL - Airport Area","8355 NW 36th St Doral, FL 33166 USA",Doral,FL,33166,25.809856603207,-80.334098220843,ok,miami_dade
"FASTSIGNS of Miami, FL - Kendall","12942 SW 120th St Miami, FL 33186 USA",Miami,FL,33186,25.656574695848,-80.405071055958,ok,miami_dade
"FASTSIGNS of Miami, FL - South","8227 S Dixie Hwy Miami, FL 33143 USA",Miami,FL,33143,,,failed,
"FASTSIGNS of Naples, FL","2650 Airport Road South, Suite A Naples, FL 34112 USA","South, Suite A Naples",FL,34112,26.144536690415,-81.76760203427,ok,
"FASTSIGNS of New Tampa-Wesley Chapel, FL","19651 Bruce B Downs Blvd, Ste C1 Tampa, FL 33647-2479 USA",Tampa,FL,33647,28.15205720254,-82.353213565514,ok,
"FASTSIGNS of North Miami Beach, FL","15405 W Dixie Hwy North Miami Beach, FL 33181 USA",North Miami Beach,FL,33181,25.917310012358,-80.160854549643,ok,miami_dade
"FASTSIGNS of North Orlando, FL - Lee Road","5135 Adanson St Orlando, FL 32804 USA",Orlando,FL,32804,28.603562090563,-81.393447624726,ok,
"FASTSIGNS of North Port, FL","12763 Tamiami Trl S North Port, FL 34287 USA",North Port,FL,34287,,,failed,
"FASTSIGNS of Ocala, FL","2370 SW College Rd., Suite 103 Ocala, FL 34471 USA",Ocala,FL,34471,,,failed,
"FASTSIGNS of Oldsmar, FL","3898 Tampa Rd Oldsmar, FL 34677 USA",Oldsmar,FL,34677,28.040675366469,-82.669386131823,ok,
"FASTSIGNS of Orlando, FL - Central","4835 E Colonial Dr. Orlando, FL 32803 USA",Orlando,FL,32803,28.553473354396,-81.32600416149,ok,
"FASTSIGNS of Orlando, FL - Downtown - Southside","326 E Michigan St Orlando, FL 32806 USA",Orlando,FL,32806,28.512878983678,-81.373554008059,ok,
FASTSIGNS of Orlando-South/Convention Center,"9900 Universal Blvd, Ste 114 Orlando, FL 32819-8716 USA",Orlando,FL,32819,28.428744683566,-81.443991722116,ok,
"FASTSIGNS of Oviedo, FL","2200 Winter Springs Blvd, Ste 118 Oviedo, FL 32765-9475 USA",Oviedo,FL,32765,28.668131673688,-81.226439897483,ok,
"FASTSIGNS of Palm Beach Gardens, FL","8360 Currency Dr., Suite 4 West Palm Beach, FL 33404 USA",West Palm Beach,FL,33404,26.79897004017,-80.092558895519,ok,
"FASTSIGNS of Palm Harbor, FL","35863 US Highway 19 N Palm Harbor, FL 34684 USA",19 N Palm Harbor,FL,34684,28.097956858787,-82.739621061361,ok,
"FASTSIGNS of Pembroke Pines, FL","9909 Pines Blvd. Pembroke Pines, FL 33024 USA",Pembroke Pines,FL,33024,26.008459551707,-80.276915125702,ok,miami_dade
"FASTSIGNS of Pensacola, FL","6060 Tippin Ave. Pensacola, FL 32504 USA",Pensacola,FL,32504,30.484747626627,-87.196870671903,ok,
"FASTSIGNS of Pompano Beach, FL","3151 W Atlantic Blvd Pompano Beach, FL 33069 USA",Pompano Beach,FL,33069,26.232002119625,-80.169905072499,ok,
"FASTSIGNS of Port Richey, FL","6484 Ridge Rd Port Richey, FL 34668-6748 USA",Port Richey,FL,34668,28.280556458638,-82.707426580192,ok,
"FASTSIGNS of Port St. Lucie, FL","10000 S US Hwy 1 Port St. Lucie, FL 34952 USA",Lucie,FL,34952,27.281983929616,-80.29448640185,ok,
"FASTSIGNS of Riverview, FL","11120 HWY 41 S. Gibsonton, FL 33534 USA",41 S. Gibsonton,FL,33534,27.840961854545,-82.381615410485,ok,
"FASTSIGNS of Saint Petersburg, FL","408 33rd Ave N, Ste A Saint Petersburg, FL 33704-1384 USA",Saint Petersburg,FL,33704,27.80208057207,-82.6388190547,ok,
"FASTSIGNS of Saint Petersburg, FL - Park Street","4058 Park Street Saint Petersburg, FL 33709 USA",Saint Petersburg,FL,33709,27.808879942047,-82.75389011646,ok,
"FASTSIGNS of Sanford, FL - Lake Mary","1265 Upsala Rd, Ste 1133 Sanford, FL 32771 USA",Sanford,FL,32771,28.810014886438,-81.322667009423,ok,
"FASTSIGNS of Sarasota, FL","3050 N Washington Blvd Sarasota, FL 34234 USA",Sarasota,FL,34234,27.363216829025,-82.530533405894,ok,
"FASTSIGNS of Spring Hill, FL","5164 Mariner Blvd Spring Hill, FL 34609-1802 USA",Spring Hill,FL,34609,28.502810943518,-82.524101311454,ok,
"FASTSIGNS of St. Augustine, FL","2303 N Ponce de Leon Blvd, Ste A Saint Augustine, FL 32084-2606 USA",Saint Augustine,FL,32084,29.9138338193,-81.323713056735,ok,
"FASTSIGNS of Tallahassee, FL","5025 W Tharpe St Tallahassee, FL 32303 USA",Tallahassee,FL,32303,30.463196149565,-84.361686424936,ok,
"FASTSIGNS of Tamarac / Sunrise, FL","10131 W Commercial Blvd Sunrise, FL 33351-4327 USA",Sunrise,FL,33351,26.193875758874,-80.285842301359,ok,
"FASTSIGNS of Tampa, FL - Carrollwood","14618 N Dale Mabry Hwy Tampa, FL 33618 USA",Tampa,FL,33618,28.080942115227,-82.506805591472,ok,
"FASTSIGNS of Tampa, FL - South","3901 W Kennedy Blvd Tampa, FL 33609 USA",Tampa,FL,33609,27.944872408164,-82.507903120868,ok,
"FASTSIGNS of Tampa, FL - Temple Terrace/USF","10770 N. 46th Street, Suite C-900 Tampa, FL 33617 USA",Tampa,FL,33617,28.046692104708,-82.409965527808,ok,
"FASTSIGNS of Vero Beach, FL","1925 14th Ave Vero Beach, FL 32960 USA",Vero Beach,FL,32960,27.637043432973,-80.399464861117,ok,
"FASTSIGNS of West Orlando, FL","7154 W Colonial Dr Orlando, FL 32818 USA",Orlando,FL,32818,28.551873311358,-81.478536855497,ok,
"FASTSIGNS of West Palm Beach, FL","4275 Okeechobee Blvd, Ste H West Palm Beach, FL 33409 USA",West Palm Beach,FL,33409,26.706919452633,-80.107438409809,ok,
"FASTSIGNS of Weston, FL","1649 Bonaventure Blvd Weston, FL 33326 USA",Weston,FL,33326,26.099237900134,-80.377513058272,ok,
"FASTSIGNS of Winter Haven, FL Coming Soon","Winter Haven, FL 33839 USA",Winter Haven,FL,33839,,,failed,
"FASTSIGNS of Lawrenceville, GA","248 East Crogan Street, Building 50, Suite 5 Lawrenceville, GA 30046 USA","Building 50, Suite 5 Lawrenceville",GA,30046,33.958413296061,-83.97466219498,ok,
"FASTSIGNS of Athens, GA","2565 Atlanta Hwy Athens, GA 30606 USA",Athens,GA,30606,33.946449660754,-83.425715379275,ok,
"FASTSIGNS of Atlanta, GA - Buckhead","3131 E Shadowlawn Ave NE Atlanta, GA 30305 USA",Atlanta,GA,30305,33.840689791408,-84.374031927753,ok,
"FASTSIGNS of Atlanta, GA - Downtown","141 North Avenue, NE Atlanta, GA 30308 USA",NE Atlanta,GA,30308,33.771228569705,-84.382844224837,ok,
"FASTSIGNS of Atlanta, GA - Downtown-Central Business District","87 Walton St NW Atlanta, GA 30303 USA",Atlanta,GA,30303,33.756920756178,-84.391207174083,ok,
"FASTSIGNS of Atlanta, GA - South Buckhead","528 Plasters Ave Atlanta, GA 30324 USA",Atlanta,GA,30324,33.812040817464,-84.370915834969,ok,
"FASTSIGNS of Augusta, GA","1206 Greene St Augusta, GA 30901 USA",Augusta,GA,30901,33.4776621708,-81.979490546271,ok,
"FASTSIGNS of Buford - Suwanee, GA","1961 Buford Hwy NE, Ste A/B Buford, GA 30518 USA",Ste A/B Buford,GA,30518,34.106763208435,-84.002314349706,ok,
"FASTSIGNS of Canton, GA","1750 Marietta Hwy, Ste 180 Canton, GA 30114 USA",Canton,GA,30114,,,failed,
"FASTSIGNS of Conyers, GA","875 Flat Shoals Rd SE, Suite 160 Conyers, GA 30094 USA",Conyers,GA,30094,33.642628891616,-84.016169807861,ok,
"FASTSIGNS of Cumming, GA","907 Buford Rd, Ste 700 Cumming, GA 30041 USA",Cumming,GA,30041,34.179167716124,-84.132946709037,ok,
"FASTSIGNS of Douglasville, GA","7421 Douglas Blvd, Ste E Douglasville, GA 30135-1564 USA",Douglasville,GA,30135,33.728190889757,-84.755141582268,ok,
"FASTSIGNS of Duluth - Suwanee, GA","2148 Duluth Hwy, Ste 107 Duluth, GA 30097 USA",Duluth,GA,30097,33.977653441383,-84.094141673517,ok,
FASTSIGNS of Gainesville North Georgia,"235 Pearl Nix Pkwy, Ste 1-A Gainesville, GA 30501 USA",Gainesville,GA,30501,,,failed,
"FASTSIGNS of Johns Creek, GA","10900 Medlock Bridge Rd, Ste 302 Johns Creek, GA 30097-1505 USA",Johns Creek,GA,30097,34.04326697708,-84.181853678291,ok,
"FASTSIGNS of Kennesaw, GA","501 Roberts Ct NW, #7 Kennesaw, GA 30144 USA",Kennesaw,GA,30144,34.009006226254,-84.564676359333,ok,
"FASTSIGNS of Macon, GA","2356 Pio Nono Ave. Macon, GA 31206 USA",Macon,GA,31206,32.817855952819,-83.662723983849,ok,
"FASTSIGNS of Marietta, GA","2121 Newmarket Parkway SE, Suite 122 Marietta, GA 30067 USA",Marietta,GA,30067,33.920399874918,-84.493593878776,ok,
"FASTSIGNS of Newnan, GA","2710 East Highway 34, Ste D Newnan, GA 30265 USA","34, Ste D Newnan",GA,30265,33.408461143547,-84.683454620558,ok,
"FASTSIGNS of Norcross, GA","6760 Jimmy Carter Blvd, Ste 135 Norcross, GA 30071 USA",Norcross,GA,30071,33.938723839964,-84.236018811273,ok,
"FASTSIGNS of Roswell, GA","11660 Alpharetta Hwy, Ste 355 Roswell, GA 30076 USA",Roswell,GA,30076,34.064519529556,-84.321541645847,ok,
"FASTSIGNS of Sandy Springs, GA","220 Hammond Dr NE, Ste 304 Sandy Springs, GA 30328-5009 USA",Sandy Springs,GA,30328,33.919055724071,-84.381853920556,ok,
"FASTSIGNS of Savannah, GA","11136A Abercorn St Savannah, GA 31419 USA",Savannah,GA,31419,,,failed,
"FASTSIGNS of Savannah, GA - Pooler","1215 East US Highway 80, Suite 800 Savannah, GA 31322 USA","80, Suite 800 Savannah",GA,31322,32.103107134124,-81.224997747302,ok,
"FASTSIGNS of Snellville, GA","2180 Scenic Hwy N Snellville, GA 30078 USA",Snellville,GA,30078,33.861366175219,-84.018282814398,ok,
"FASTSIGNS of Tucker, GA - Northlake","4135 LaVista Rd, Ste 300 Tucker, GA 30084 USA",Tucker,GA,30084,33.846365008927,-84.249592305746,ok,
"FASTSIGNS of Union City, GA","3920 Jonesboro Road, Suite 200 Union City, GA 30291 USA",Union City,GA,30291,,,failed,
"FASTSIGNS of Boise, ID","4082 Chinden Blvd Garden City, ID 83714 USA",Garden City,ID,83714,43.629816264882,-116.249258989088,ok,
"FASTSIGNS of Coeur d'Alene, ID Coming Soon","Coeur d'Alene, ID 83814 USA",Coeur d'Alene,ID,83814,,,failed,
"FASTSIGNS of Idaho Falls, ID","370 E Elva St Idaho Falls, ID 83401 USA",Idaho Falls,ID,83401,43.503988458342,-112.027113208169,ok,
FASTSIGNS of Lewiston ID,"826 21st St Lewiston, ID 83501 USA",Lewiston,ID,83501,46.412211592293,-117.00200449608,ok,
"FASTSIGNS of Addison, IL","520 W Lake St, Unit E Addison, IL 60101 USA",Addison,IL,60101,41.928769414884,-87.976716102184,ok,chicago
"FASTSIGNS of Arlington Heights, IL","1814 N Arlington Heights Rd Arlington Heights, IL 60004 USA",Arlington Heights,IL,60004,42.108495683868,-87.98051365948,ok,
"FASTSIGNS of Bloomington, IL","2908 Gill St, Unit 1 Bloomington, IL 61704 USA",Bloomington,IL,61704,40.50090475247,-88.928683647689,ok,
"FASTSIGNS of Carpentersville, IL","188 S Western Ave Carpentersville, IL 60110 USA",Carpentersville,IL,60110,42.105022424519,-88.291088806769,ok,
"FASTSIGNS of Champaign, IL","313 N Mattis, Ste 114 Champaign, IL 61821 USA","313 N Mattis, Ste 114 Champaign",IL,61821,40.119371936924,-88.276965153285,ok,
FASTSIGNS of Chicago IL - South Loop,"1315 S Michigan Ave Chicago, IL 60605 USA",Chicago,IL,60605,41.865357057887,-87.623947338673,ok,chicago
"FASTSIGNS of Chicago, IL - Lincoln Park/Bucktown","1820 W Webster Ave Chicago, IL 60614 USA",Chicago,IL,60614,41.921519582897,-87.673620693609,ok,chicago
"FASTSIGNS of Chicago, IL - Magnificent Mile","447 E Ohio St Chicago, IL 60611 USA",Chicago,IL,60611,41.892599308433,-87.616812621628,ok,chicago
"FASTSIGNS of Chicago, IL - O'Hare","5517 N. Cumberland Avenue, Suite 913 Chicago, IL 60656 USA",Chicago,IL,60656,41.980040965734,-87.836497104336,ok,chicago
"FASTSIGNS of Chicago, IL - United Center Park","229 N. Damen Avenue Chicago, IL 60612 USA",Chicago,IL,60612,41.885595913842,-87.676682890313,ok,chicago
"FASTSIGNS of Chicago, IL - West Loop","901 W. Jackson Blvd, Suite 101 Chicago, IL 60607 USA",Chicago,IL,60607,41.877852851833,-87.649658195873,ok,chicago
"FASTSIGNS of Crystal Lake, IL","580 E Terra Cotta Ave, Ste A Crystal Lake, IL 60014 USA",Crystal Lake,IL,60014,42.24863241685,-88.298829889377,ok,
"FASTSIGNS of Downers Grove, IL","408 75th St Downers Grove, IL 60516-4454 USA",Downers Grove,IL,60516,41.751720174844,-87.997090972329,ok,chicago
"FASTSIGNS of Elk Grove Village, IL","886 Cambridge Dr Elk Grove Vlllage, IL 60007 USA",Elk Grove Vlllage,IL,60007,42.011949114195,-87.956297834657,ok,chicago
"FASTSIGNS of Geneva, IL","1115 Randall Ct Geneva, IL 60134 USA",Geneva,IL,60134,41.875862759119,-88.341575567097,ok,
"FASTSIGNS of Glen Carbon - Edwardsville, IL","4215 IL-159, Route 159 Glen Carbon, IL 62034 USA","4215 IL-159, Route 159 Glen Carbon",IL,62034,38.771805480085,-89.956683425243,ok,
"FASTSIGNS of Gurnee, IL","3420 Grand Ave Waukegan, IL 60085 USA",Waukegan,IL,60085,42.370570483756,-87.885722929652,ok,
"FASTSIGNS of Kankakee, IL","601 N Fifth Ave, Ste A Kankakee, IL 60901 USA",Kankakee,IL,60901,41.126781715763,-87.871557953598,ok,
"FASTSIGNS of Libertyville, IL","1350 S Milwaukee Ave Libertyville, IL 60048 USA",Libertyville,IL,60048,42.261478707397,-87.948614440864,ok,
"FASTSIGNS of Lincolnwood, IL","3514 W Devon Ave Lincolnwood, IL 60712 USA",Lincolnwood,IL,60712,41.997343426547,-87.716969138069,ok,chicago
"FASTSIGNS of Morton Grove, IL","7911 Golf Rd Morton Grove, IL 60053 USA",Morton Grove,IL,60053,42.054878672632,-87.822936707365,ok,chicago
"FASTSIGNS of Naperville, IL","1552 N AURORA RD , STE 102 Naperville, IL 60563-8744 USA",Naperville,IL,60563,41.779634735393,-88.1861929278,ok,
"FASTSIGNS of Northbrook, IL","3065 Dundee Rd Northbrook, IL 60062 USA",Northbrook,IL,60062,42.13830812415,-87.854997068921,ok,
"FASTSIGNS of Oakbrook Terrace, IL","17W608 14th St Oakbrook Terrace, IL 60181-3717 USA",Terrace,IL,60181,41.85702922061,-87.973437461505,ok,chicago
"FASTSIGNS of Peoria, IL","2430 N Main St East Peoria, IL 61611 USA",East Peoria,IL,61611,40.692427929984,-89.542633129565,ok,
"FASTSIGNS of Rockford, IL","7310 Walton St, Ste C Rockford, IL 61108-4614 USA",Rockford,IL,61108,42.268927452316,-88.972902611679,ok,
"FASTSIGNS of Schaumburg, IL","1084 National Parkway Schaumburg, IL 60173 USA",Schaumburg,IL,60173,,,failed,
"FASTSIGNS of Skokie, IL","3437 Dempster St Skokie, IL 60076-2441 USA",Skokie,IL,60076,42.040818596241,-87.714673533285,ok,chicago
"FASTSIGNS of Springfield, IL","2112 S MacArthur Blvd, Ste A Springfield, IL 62704-4552 USA",Springfield,IL,62704,39.776806608999,-89.668153183275,ok,
"FASTSIGNS of Tinley Park, IL","7038 W 183rd St. Tinley Park, IL 60477 USA",Tinley Park,IL,60477,41.558660294768,-87.789831246099,ok,
"FASTSIGNS of Downtown Indianapolis, IN","74 West New York Street, # 110 Indianapolis, IN 46204 USA",Indianapolis,IN,46204,39.771404482101,-86.159477945212,ok,
"FASTSIGNS of Bloomington, IN","2454 S Walnut St Bloomington, IN 47401-7735 USA",Bloomington,IN,47401,39.136692169595,-86.5308917276,ok,
"FASTSIGNS of Columbus, IN","1307 12th St Columbus, IN 47201 USA",Columbus,IN,47201,39.210523239292,-85.910546819669,ok,
"FASTSIGNS of Evansville, IN","815 John Street, Suite 130 Evansville, IN 47713 USA",Evansville,IN,47713,37.976281215703,-87.55276980274,ok,
"FASTSIGNS of Fort Wayne, IN","3014 N Clinton St Fort Wayne, IN 46805 USA",Fort Wayne,IN,46805,41.103212344314,-85.138259546191,ok,
"FASTSIGNS of Fort Wayne, IN - South","6646 W. Jefferson Blvd Fort Wayne, IN 46804 USA",Fort Wayne,IN,46804,41.054242520463,-85.228075410709,ok,
"FASTSIGNS of Greenwood, IN","1280 US Highway 31 N Greenwood, IN 46142 USA",31 N Greenwood,IN,46142,39.600147325649,-86.105370989792,ok,
"FASTSIGNS of Indianapolis, IN - East","9433 E Washington St Indianapolis, IN 46229 USA",Indianapolis,IN,46229,39.774309947279,-86.000855284894,ok,
"FASTSIGNS of Indianapolis, IN - Northeast","9668 Allisonville Rd Indianapolis, IN 46250 USA",Indianapolis,IN,46250,39.928102345077,-86.064813392623,ok,
"FASTSIGNS of Indianapolis, IN - Northwest","3702 W 86th St, Ste B Indianapolis, IN 46268-1903 USA",Indianapolis,IN,46268,39.911703234241,-86.224901389967,ok,
"FASTSIGNS of Jeffersonville - Clarksville, IN","215 Quartermaster Ct Jeffersonville, IN 47130-3669 USA",Jeffersonville,IN,47130,38.283245821982,-85.739915967405,ok,
"FASTSIGNS of Clive, IA","1791 Northwest 86th St Clive, IA 50325 USA",Clive,IA,50325,41.607923178864,-93.736255491785,ok,
"FASTSIGNS of Council Bluffs, IA","20 Power Drive, Suite 4 Council Bluffs, IA 51501 USA",Council Bluffs,IA,51501,41.223864721928,-95.845545348229,ok,
"FASTSIGNS of Sioux City, IA","312 West 28th Street Sioux City, IA 51104 USA",Sioux City,IA,51104,42.51872945647,-96.417810557574,ok,
FASTSIGNS of Blue Valley,"16012 Metcalf Ave, Suite 100 Overland Park, KS 66085 USA",Overland Park,KS,66085,38.837984458725,-94.667797367861,ok,
"FASTSIGNS of Lawrence, KS","1830 W 6th Street Lawrence, KS 66044 USA",Lawrence,KS,66044,38.973218372888,-95.256192808834,ok,
"FASTSIGNS of Olathe, KS","905 E Park St Olathe, KS 66061 USA",Olathe,KS,66061,38.881987770729,-94.803970461742,ok,
"FASTSIGNS of Overland Park, KS","8844 W 95th St Overland Park, KS 66212 USA",Overland Park,KS,66212,38.956725455813,-94.687938241238,ok,
"FASTSIGNS of Topeka, KS","5999 SW 22nd Park St Topeka, KS 66614 USA",Topeka,KS,66614,39.026121780186,-95.762183344111,ok,
"FASTSIGNS of Wichita, KS - East","150 S Rock Rd Wichita, KS 67207 USA",Wichita,KS,67207,37.685869880333,-97.24441228065,ok,
"FASTSIGNS of Wichita, KS - West","232 S West St Wichita, KS 67213 USA",Wichita,KS,67213,37.681523866149,-97.389341667203,ok,
"FASTSIGNS of Ashland, KY","1613 Greenup Ave Ashland, KY 41101-7615 USA",Ashland,KY,41101,38.479590992678,-82.638529485618,ok,
"FASTSIGNS of Bowling Green, KY","1527 US 31W Bypass Bowling Green, KY 42101 USA",1527 US 31W Bypass Bowling Green,KY,42101,36.980643447468,-86.446364876108,ok,
"FASTSIGNS of Lexington, KY","3080 Richmond Rd., Suite 110 Lexington, KY 40509 USA",Lexington,KY,40509,38.003511427565,-84.448569138945,ok,
"FASTSIGNS of Louisville, KY","4604 Shepherdsville Rd Louisville, KY 40218 USA",Louisville,KY,40218,38.18340449626,-85.659678974596,ok,
"FASTSIGNS of Louisville, KY - Downtown","600 E Main St, Ste 102 Louisville, KY 40202-1011 USA",Louisville,KY,40202,38.25494119246,-85.741758188059,ok,
"FASTSIGNS of Louisville, KY - Lyndon","812 Lyndon Lane, Suite 106 Lyndon, KY 40222 USA",Lyndon,KY,40222,38.263442583274,-85.608349041924,ok,
FASTSIGNS of Northern Kentucky - Florence,"8605 Haines Drive Florence, KY 41042 USA",Florence,KY,41042,38.973403425414,-84.664546345904,ok,
"FASTSIGNS of Baton Rouge, LA - North","8350 Florida Blvd, Ste A-1 Baton Rouge, LA 70806 USA",Baton Rouge,LA,70806,30.451942319805,-91.101335350911,ok,
"FASTSIGNS of Baton Rouge, LA - South","11135 Industriplex Boulevard, Suite 800 Baton Rouge, LA 70809 USA",Baton Rouge,LA,70809,,,failed,
"FASTSIGNS of Gonzales, LA","610 N Burnside Ave Gonzales, LA 70737 USA",Gonzales,LA,70737,30.236410038912,-90.920648355639,ok,
"FASTSIGNS of Lafayette, LA","5421 Johnston St, Ste B Lafayette, LA 70503 USA",Lafayette,LA,70503,30.181083538912,-92.071455977358,ok,
"FASTSIGNS of Lake Charles, LA","1721 W Sale Rd, Ste B Lake Charles, LA 70605-2521 USA",Lake Charles,LA,70605,30.183422751361,-93.248404079388,ok,
"FASTSIGNS of Metairie, LA","6601 Veterans Memorial Blvd Metairie, LA 70003 USA",Metairie,LA,70003,30.004953875149,-90.212271975985,ok,
"FASTSIGNS of Metairie, LA - Lakeside","3508 21st St Metairie, LA 70002 USA",Metairie,LA,70002,30.006006873202,-90.159577661287,ok,
"FASTSIGNS of New Orleans, LA Downtown","5347 Tchoupitoulas St. New Orleans, LA 70115 USA",New Orleans,LA,70115,29.916537891202,-90.114542084642,ok,
"FASTSIGNS of Shreveport, LA - Bossier","1914 E 70th St, Ste A Shreveport, LA 71105 USA",Shreveport,LA,71105,32.443740247676,-93.709825065129,ok,
"FASTSIGNS of St. Charles, LA","13413 Highway 90 Boutte, LA 70039-3007 USA",90 Boutte,LA,70039,29.901550126343,-90.385965589913,ok,
"FASTSIGNS of Annapolis, MD","1812 Margaret Ave Annapolis, MD 21401-4108 USA",Annapolis,MD,21401,38.976857386133,-76.52238414758,ok,
"FASTSIGNS of Arbutus, MD - Baltimore","1589 Sulphur Spring Rd, Ste 107 Baltimore, MD 21227 USA",Baltimore,MD,21227,39.248643322652,-76.686183748494,ok,
"FASTSIGNS of Bethesda, MD","3 Bethesda Metro Center, Suite B002 Bethesda, MD 20814 USA","3 Bethesda Metro Center, Suite B002 Bethesda",MD,20814,38.984135081904,-77.094469642621,ok,
"FASTSIGNS of Columbia, MD","6935 Oakland Mills Rd, Suite K Columbia, MD 21045 USA",Columbia,MD,21045,39.180879418245,-76.82790749594,ok,
"FASTSIGNS of Downtown Baltimore, MD","312 W Lombard St Baltimore, MD 21201 USA",Baltimore,MD,21201,39.287640177222,-76.619646663675,ok,
"FASTSIGNS of Dundalk, MD","4950 North Point Blvd Baltimore, MD 21219 USA",Baltimore,MD,21219,39.241524486091,-76.455321440254,ok,
"FASTSIGNS of Frederick, MD","2190 Old Farm Drive, Unit E Frederick, MD 21702 USA",Frederick,MD,21702,39.443227970399,-77.437046899198,ok,
"FASTSIGNS of Laurel, MD","14300 Cherry Lane Court, Suite 212 Laurel, MD 20707 USA",Laurel,MD,20707,39.087482580333,-76.855829554614,ok,
"FASTSIGNS of Odenton, MD","1701 Midway Rd Odenton, MD 21113 USA",Odenton,MD,21113,39.108283499037,-76.692833571494,ok,
"FASTSIGNS of Owings Mills, MD","1 Easter Ct, Suite AB Owings Mills, MD 21117 USA",Owings Mills,MD,21117,39.420511891248,-76.808076492251,ok,
"FASTSIGNS of Rockville, MD","1211 Taft Street Rockville, MD 20850 USA",Rockville,MD,20850,39.093627987546,-77.134099671297,ok,
"FASTSIGNS of Timonium, MD","1518 York Rd Timonium, MD 21093 USA",Timonium,MD,21093,39.421606832513,-76.61730635511,ok,
"FASTSIGNS of White Marsh-Joppa, MD","413 Pulaski Hwy Joppa, MD 21085-3610 USA",Joppa,MD,21085,39.425673342637,-76.36776096755,ok,
"FASTSIGNS of Hanover, MA","1271 Washington Street, Unit #4 Hanover, MA 02339 USA",Unit #4 Hanover,MA,02339,42.139863060742,-70.84267224507,ok,
"FASTSIGNS of Needham, MA","15 Kearney Rd Needham, MA 02494 USA",Needham,MA,02494,42.306211339645,-71.227730563405,ok,boston
"FASTSIGNS of Quincy, MA","70 Quincy Ave Quincy, MA 02169-6714 USA",Quincy,MA,02169,42.243992602898,-70.997831780349,ok,boston
"FASTSIGNS of Seekonk, MA","150 Highland Ave, Unit 3 Seekonk, MA 02771 USA",Seekonk,MA,02771,41.804391893949,-71.33922594487,ok,
"FASTSIGNS of Waltham, MA","922 Main St. Waltham, MA 02451 USA",Waltham,MA,02451,42.376232170221,-71.248131096291,ok,boston
"FASTSIGNS of Woburn, MA","155A New Boston St Woburn, MA 01801 USA",Woburn,MA,01801,42.509604029033,-71.143882108952,ok,
"FASTSIGNS of Worcester, MA","120 Stafford St Worcester, MA 01603 USA",Worcester,MA,01603,,,failed,
"FASTSIGNS of Ann Arbor, MI","830 Phoenix Drive Ann Arbor, MI 48108 USA",Ann Arbor,MI,48108,42.231026886753,-83.726786057937,ok,
"FASTSIGNS of Auburn Hills, MI","3957 Baldwin Rd Auburn Hills, MI 48326-1220 USA",Auburn Hills,MI,48326,,,failed,
"FASTSIGNS of Birmingham, MI","33322 Woodward Ave Birmingham, MI 48009 USA",Birmingham,MI,48009,42.534070873169,-83.201538753223,ok,
"FASTSIGNS of Brighton, MI","533 W Grand River Ave Brighton, MI 48116-1143 USA",Brighton,MI,48116,42.533674463809,-83.782681517016,ok,
"FASTSIGNS of Detroit, MI - Downtown","2431 4th St Detroit, MI 48201 USA",Detroit,MI,48201,42.336526784992,-83.061768559385,ok,
"FASTSIGNS of Grand Rapids, MI","3582 29th St SE, Ste 101 Grand Rapids, MI 49512 USA",Grand Rapids,MI,49512,42.909159182426,-85.579168299903,ok,
"FASTSIGNS of Kalamazoo, MI","403 Balch St Kalamazoo, MI 49001 USA",Kalamazoo,MI,49001,42.276030670617,-85.587366614936,ok,
"FASTSIGNS of Lansing, MI","406 E. Elm St Lansing, MI 48921 USA",Lansing,MI,48921,42.721833926174,-84.546879878629,ok,
"FASTSIGNS of Lincoln Park, MI","3962 Dix Highway Lincoln Park, MI 48146 USA",Lincoln Park,MI,48146,42.226464656093,-83.194466070981,ok,
"FASTSIGNS of Livonia, MI","11918 Farmington Rd Livonia, MI 48150 USA",Livonia,MI,48150,42.371401663339,-83.372244392581,ok,
"FASTSIGNS of Monroe, MI","15521 S Dixie Hwy Monroe, MI 48161 USA",Monroe,MI,48161,41.903423467407,-83.408761031643,ok,
"FASTSIGNS of Rochester Hills, MI","2232 Crooks Road Rochester Hills, MI 48309 USA",Rochester Hills,MI,48309,42.64871983177,-83.17118736923,ok,
"FASTSIGNS of Southfield, MI","22554 Telegraph Rd Southfield, MI 48033-4107 USA",Southfield,MI,48033,42.456105324838,-83.278169149896,ok,
"FASTSIGNS of Sterling Heights, MI","38120 Van Dyke Ave. Sterling Heights, MI 48312 USA",Heights,MI,48312,42.573829355399,-83.02979839307,ok,
"FASTSIGNS of Traverse City, MI","1420 Trade Centre Dr Traverse City, MI 49696 USA",Traverse City,MI,49696,44.713766587253,-85.603203939836,ok,
"FASTSIGNS of Blaine - Ham Lake, MN","15903 Lincoln Street NE Ham Lake, MN 55304 USA",Ham Lake,MN,55304,45.25892526606,-93.238129027078,ok,
"FASTSIGNS of Bloomington, MN","720 W 94th St Bloomington, MN 55420 USA",Bloomington,MN,55420,44.833551510287,-93.288938534432,ok,
"FASTSIGNS of Burnsville, MN","3270 W County Road 42 Burnsville, MN 55337 USA",42 Burnsville,MN,55337,44.746309613683,-93.318705366993,ok,
FASTSIGNS of Downtown Minneapolis,"110 S 8th St, Ste 101 Minneapolis, MN 55402-5786 USA",Minneapolis,MN,55402,44.975274827769,-93.271468258011,ok,
"FASTSIGNS of Eden Prairie, MN","10340 Viking Dr, Ste 140 Eden Prairie, MN 55344 USA",Eden Prairie,MN,55344,44.859777336187,-93.409681140551,ok,
"FASTSIGNS of Inver Grove Heights, MN","5440 S Robert Trl Inver Grove Heights, MN 55077-1406 USA",Inver Grove Heights,MN,55077,44.870320302266,-93.080328218242,ok,
"FASTSIGNS of Maple Grove - Osseo, MN","300 Central Avenue Osseo, MN 55369 USA",Osseo,MN,55369,45.119316245482,-93.402071536993,ok,
"FASTSIGNS of Plymouth-Minnetonka, MN","2455 Xenium Ln N Plymouth, MN 55441-3625 USA",Plymouth,MN,55441,45.006643526396,-93.451560470833,ok,
"FASTSIGNS of Rochester, MN","3717 Commercial Dr SW Rochester, MN 55902-1290 USA",Rochester,MN,55902,43.968191320702,-92.463847604668,ok,
"FASTSIGNS of Roseville, MN","2727 Lincoln Dr Roseville, MN 55113 USA",Roseville,MN,55113,45.023846846336,-93.169135331097,ok,
"FASTSIGNS of St. Cloud, MN","2911 Clearwater Road St Cloud, MN 56301 USA",Cloud,MN,56301,45.522925084978,-94.159127777876,ok,
"FASTSIGNS of St. Louis Park, MN","5708 W 36th St St Louis Park, MN 55416 USA",Louis Park,MN,55416,44.937825586359,-93.351736270447,ok,
"FASTSIGNS of St. Paul, MN - Downtown","221 East 7th St St. Paul, MN 55101-2379 USA",Paul,MN,55101,,,failed,
"FASTSIGNS of White Bear Lake, MN - Maplewood","3590 Hoffman Road East White Bear Lake, MN 55110 USA",East White Bear Lake,MN,55110,45.050107485838,-93.031530715376,ok,
"FASTSIGNS of Hattiesburg, MS","2902 Hardy St, Ste 60 Hattiesburg, MS 39401-7031 USA",Hattiesburg,MS,39401,31.324697969317,-89.332906325628,ok,
"FASTSIGNS of St Louis, MO - Fenton / Valley Park","70 Meramec Valley Plaza Dr Valley Park, MO 63088 USA",Valley Park,MO,63088,38.54797350114,-90.492576409629,ok,
"FASTSIGNS of Columbia, MO","1001 Fay St, Ste 101 Columbia, MO 65201 USA",Columbia,MO,65201,38.961107353667,-92.322686278198,ok,
"FASTSIGNS of Independence, MO","17331 E US Hwy 40, Ste 104 Independence, MO 64055 USA","40, Ste 104 Independence",MO,64055,39.033950939883,-94.376425380863,ok,
"FASTSIGNS of Kansas City North, MO","5714 N Antioch Rd Gladstone, MO 64119 USA",Gladstone,MO,64119,39.198098725911,-94.548723019532,ok,
"FASTSIGNS of Kansas City, MO","1600 W 16th St Kansas City, MO 64102 USA",Kansas City,MO,64102,,,failed,
"FASTSIGNS of Lake St. Louis, MO","6293 Ronald Reagan Dr Lake St. Louis, MO 63367 USA",Louis,MO,63367,38.76897739248,-90.784802455073,ok,
"FASTSIGNS of Lee's Summit, MO","1163 SE Oldham Pkwy Lee's Summit, MO 64081 USA",Lee's Summit,MO,64081,38.90196052511,-94.345967133472,ok,
FASTSIGNS of Saint Louis - Bridgeton,"3783 Rider Trail South Earth City, MO 63045 USA",South Earth City,MO,63045,38.763666114316,-90.473914760141,ok,
"FASTSIGNS of Springfield, MO - Branson","650 East Battlefield, Ste A Springfield, MO 65807-4806 USA","650 East Battlefield, Ste A Springfield",MO,65807,37.159917439735,-93.287613191021,ok,
"FASTSIGNS of St Louis, MO - Brentwood","3150 S Brentwood Blvd. St Louis, MO 63119 USA",Louis,MO,63119,38.606367725097,-90.350345459604,ok,
"FASTSIGNS of St. Joseph, MO.","2616 N Belt St Joseph, MO 64506 USA",Joseph,MO,64506,39.791174197622,-94.809738302673,ok,
"FASTSIGNS of St. Louis, MO - Central West End","3949 Lindell Blvd, Ste 2A Saint Louis, MO 63108-3251 USA",Saint Louis,MO,63108,38.63922266752,-90.242063755365,ok,
"FASTSIGNS of St. Louis, MO - Creve Coeur","12325 Olive Blvd Saint Louis, MO 63141 USA",Saint Louis,MO,63141,38.673489696741,-90.456116194722,ok,
"FASTSIGNS of St. Peters, MO","4101 Mexico Rd Saint Peters, MO 63376-6414 USA",Saint Peters,MO,63376,38.791070767045,-90.57210422697,ok,
"FASTSIGNS of Bozeman, MT","10 Innovation Lane, Unit B Bozeman, MT 59718 USA",Bozeman,MT,59718,,,failed,
"FASTSIGNS of Great Falls, MT","2600 16th Street Black Eagle, MT 59414 USA",Black Eagle,MT,59414,47.529421342872,-111.280563373606,ok,
"FASTSIGNS of Helena, MT","2800 N Montana Ave Helena, MT 59601 USA",Helena,MT,59601,46.612364493378,-112.02091993502,ok,
"FASTSIGNS of Missoula, MT","2825 Stockyard Rd, Ste F-5 Missoula, MT 59808 USA",Missoula,MT,59808,46.9010625722,-114.034641173473,ok,
"FASTSIGNS of Whitefish-Kalispell, MT","803 Spokane Ave. Whitefish, MT 59937 USA",Whitefish,MT,59937,48.404132483469,-114.335166231979,ok,
"FASTSIGNS of Omaha, NE - 114th Street","751 N 114th St Omaha, NE 68154 USA",Omaha,NE,68154,41.265655570719,-96.090893754618,ok,
"FASTSIGNS of Omaha, NE - M Street","9620 M St Omaha, NE 68127 USA",Omaha,NE,68127,41.21155405959,-96.062850844334,ok,
"FASTSIGNS of Henderson, NV","1331 W Warm Springs Rd, Ste 140 Henderson, NV 89014 USA",Henderson,NV,89014,36.056172660563,-115.043229339829,ok,
"FASTSIGNS of Las Vegas, NV - East","3973 S Maryland Pkwy, Ste B-109 Las Vegas, NV 89119 USA",Las Vegas,NV,89119,36.116535262375,-115.137802879235,ok,
"FASTSIGNS of Las Vegas, NV - Northwest","7145 W. Ann Road, Ste 110 Las Vegas, NV 89130 USA",Las Vegas,NV,89130,36.26305241775,-115.24938228996,ok,
"FASTSIGNS of Las Vegas, NV - West","6431 W Charleston Blvd, Ste 110 Las Vegas, NV 89146 USA",Las Vegas,NV,89146,36.159036563734,-115.235507457931,ok,
"FASTSIGNS of North Las Vegas, NV Coming Soon","123 FASTSIGNS Ave. North Las Vegas, NV 89086 USA",North Las Vegas,NV,89086,,,failed,
"FASTSIGNS of Reno, NV","4750 Longley Ln, Ste 103 Reno, NV 89502-5981 USA",Reno,NV,89502,39.486048347136,-119.760694023256,ok,
"FASTSIGNS of Manchester, NH","140 March Ave Manchester, NH 03103 USA",Manchester,NH,03103,42.960849250519,-71.445197332626,ok,
"FASTSIGNS of Plaistow, NH","160 Plaistow Rd, Unit 15 Plaistow, NH 03865 USA",Plaistow,NH,03865,42.849866613824,-71.104101429515,ok,
"FASTSIGNS of Washington Township, NJ","198 Fries Mill Rd, Suite 112 Turnersville, NJ 08012 USA",Turnersville,NJ,08012,,,failed,
"FASTSIGNS of Bayonne, NJ - Jersey City","810 Broadway Bayonne, NJ 07002 USA",810 Broadway Bayonne,NJ,07002,40.674766158405,-74.109010933083,ok,nyc
"FASTSIGNS of Brick, NJ","1743 Route 88 West Brick, NJ 08724 USA",1743 Route 88 West Brick,NJ,08724,40.069002518065,-74.128873531731,ok,
"FASTSIGNS of Cherry Hill, NJ","523 Hollywood Ave, Suite 102 Cherry Hill, NJ 08002 USA",Cherry Hill,NJ,08002,39.936825905678,-75.037893924144,ok,
"FASTSIGNS of East Brunswick, NJ","285 State Route 18 East Brunswick, NJ 08816-1900 USA",285 State Route 18 East Brunswick,NJ,08816,40.457266572925,-74.401430531949,ok,
"FASTSIGNS of East Hanover, NJ","50 Route 10 W East Hanover, NJ 07936 USA",50 Route 10 W East Hanover,NJ,07936,40.812073305567,-74.388708197729,ok,
"FASTSIGNS of Eatontown, NJ","151 Industrial Way East Eatontown, NJ 07724 USA",East Eatontown,NJ,07724,40.281438732662,-74.042317853045,ok,
"FASTSIGNS of Edison, NJ","485 Route 1 Edison, NJ 08817 USA",485 Route 1 Edison,NJ,08817,,,failed,
"FASTSIGNS of Flemington, NJ","1 State Highway 12, Ste 104 Flemington, NJ 08822 USA","12, Ste 104 Flemington",NJ,08822,40.502643847517,-74.854252062032,ok,
"FASTSIGNS of Lawrenceville, NJ","2901 Brunswick Pike Lawrenceville, NJ 08648 USA",Lawrenceville,NJ,08648,40.27326623776,-74.708556729897,ok,
"FASTSIGNS of Lodi-Hackensack, NJ","187 US Highway 46 W Lodi, NJ 07644 USA",46 W Lodi,NJ,07644,40.87527373685,-74.070478756601,ok,nyc
"FASTSIGNS of Maple Shade, NJ","3121 Rt 73 South Maple Shade, NJ 08052-1063 USA",3121 Rt 73 South Maple Shade,NJ,08052,39.969376982985,-75.00479856061,ok,
"FASTSIGNS of Marlton, NJ","12 E Stow Rd, Ste 130 Marlton, NJ 08053-3163 USA",Marlton,NJ,08053,39.913360283179,-74.929715530854,ok,
"FASTSIGNS of Millstone, NJ","480 Hwy 33 W, Ste 5-6 Millstone Township, NJ 08535 USA","33 W, Ste 5-6 Millstone Township",NJ,08535,40.259506790152,-74.403210406131,ok,
"FASTSIGNS of Newark, NJ","210 Market St Newark, NJ 07102 USA",Newark,NJ,07102,40.734883695822,-74.169979942799,ok,nyc
"FASTSIGNS of Raritan, NJ","9 State Hwy 206 S Raritan, NJ 08869 USA",206 S Raritan,NJ,08869,40.570323398753,-74.625879755145,ok,
"FASTSIGNS of Red Bank, NJ","476 Route 35, Union Square Shopping Center Red Bank, NJ 07701 USA",Shopping Center Red Bank,NJ,07701,,,failed,
"FASTSIGNS of Secaucus, NJ","255 State Route 3 E Secaucus, NJ 07094 USA",255 State Route 3 E Secaucus,NJ,07094,,,failed,
"FASTSIGNS of South Brunswick - Princeton, NJ","3885 Route 27, Suite 150A Princeton, NJ 08540 USA","3885 Route 27, Suite 150A Princeton",NJ,08540,40.416415626473,-74.586073068615,ok,
"FASTSIGNS of Union, NJ","367 Chestnut St. Union, NJ 07083 USA",Union,NJ,07083,40.679465941987,-74.26817419268,ok,nyc
"FASTSIGNS of Upper Saddle River, NJ","346 State Route 17 North Saddle River, NJ 07458 USA",346 State Route 17 North Saddle River,NJ,07458,41.05207268802,-74.118779880406,ok,
"FASTSIGNS of Woodbridge, NJ","1392 St. Georges Avenue Avenel, NJ 07001 USA",Avenel,NJ,07001,40.586357348766,-74.291831125303,ok,
"FASTSIGNS of Albuquerque, NM - Downtown","407 Second St SW Albuquerque, NM 87102 USA",Albuquerque,NM,87102,35.0811903131,-106.649862438454,ok,
"FASTSIGNS of Albuquerque, NM - N.E. Heights","1529 Eubank Blvd NE, Ste F Albuquerque, NM 87112 USA",Albuquerque,NM,87112,35.096813709279,-106.532830804072,ok,
"FASTSIGNS of Albuquerque, NM - Northwest","9664 Eagle Ranch Road NW, Suite 6 Albuquerque, NM 87114 USA",Albuquerque,NM,87114,35.187837784605,-106.665978102161,ok,
"FASTSIGNS of Farmington, NM","736 East Main Farmington, NM 87401 USA",736 East Main Farmington,NM,87401,36.732694482573,-108.193884739413,ok,
"FASTSIGNS of Santa Fe, NM","720 Saint Michaels Dr, Unit 2-I Santa Fe, NM 87505 USA",Santa Fe,NM,87505,35.659263679108,-105.96023178504,ok,
"FASTSIGNS of Manhattan, NY - 28th Street Midtown","New York, NY 10016 USA",New York,NY,10016,,,failed,
"FASTSIGNS of New Rochelle, NY","New Rochelle, NY 10801 USA",New Rochelle,NY,10801,,,failed,
"FASTSIGNS of Brooklyn, NY - Borough Park","3917 15th Ave Brooklyn, NY 11218 USA",Brooklyn,NY,11218,40.63780486685,-73.981951084159,ok,nyc
"FASTSIGNS of Brooklyn, NY - Greenpoint Coming Soon","80 McGuiness Blvd - South Brooklyn, NY 11222 USA",South Brooklyn,NY,11222,,,failed,
"FASTSIGNS of Brooklyn, NY - Sunset Park Coming Soon","123 FASTSIGNS Ave. Brooklyn, NY 11220 USA",Brooklyn,NY,11220,,,failed,
"FASTSIGNS of Central Islip, NY","1065 Islip Ave Central Islip, NY 11722 USA",Central Islip,NY,11722,40.767091949693,-73.210739243819,ok,
"FASTSIGNS of Cheektowaga, NY","4913 Genesee St Cheektowaga, NY 14225-2411 USA",Cheektowaga,NY,14225,42.936781794726,-78.705401798682,ok,
"FASTSIGNS of Colonie - Albany, NY","1593 Central Ave Colonie, NY 12205 USA",Colonie,NY,12205,42.717269282518,-73.832383115017,ok,
"FASTSIGNS of Forest Hills, NY","88-16 77th Ave Glendale, NY 11385 USA",Glendale,NY,11385,40.706497893718,-73.861331080864,ok,nyc
"FASTSIGNS of Holbrook, NY","921 Lincoln Avenue, Suite 6 Holbrook, NY 11741 USA",Holbrook,NY,11741,40.771789116061,-73.083184083519,ok,
"FASTSIGNS of Kingston, NY","520 Albany Ave Kingston, NY 12401 USA",Kingston,NY,12401,41.943141446204,-73.997830792681,ok,
"FASTSIGNS of Lindenhurst, NY","196 West Sunrise Highway Lindenhurst, NY 11757 USA",Lindenhurst,NY,11757,40.694220830527,-73.392162526509,ok,
"FASTSIGNS of Manhattan, NY - NYU","504 LaGuardia Place New York, NY 10012 USA",New York,NY,10012,40.727929303864,-73.999165540955,ok,nyc
"FASTSIGNS of Manhattan, NY - Penn Station","260 W 35th St, Ste 300 New York, NY 10001-2526 USA",New York,NY,10001,40.752335249523,-73.991898374039,ok,nyc
"FASTSIGNS of Manhattan-27th & 7th, NY","153 West 27th Street, 3rd Floor New York, NY 10001 USA",3rd Floor New York,NY,10001,40.746126271288,-73.992487757417,ok,nyc
"FASTSIGNS of Nassau County - Garden City/West Hempstead, NY","400 Hempstead Turnpike West Hempstead, NY 11552 USA",400 Hempstead Turnpike West Hempstead,NY,11552,40.705229029584,-73.65394421169,ok,
"FASTSIGNS of Rochester – Henrietta, NY","1800 Brighton-Henrietta Townline Rd Rochester, NY 14623 USA",Rochester,NY,14623,43.094194316019,-77.629877432102,ok,
"FASTSIGNS of Saratoga Springs, NY","40 Plaza Rd., Ste 113 Saratoga Springs, NY 12866 USA",Saratoga Springs,NY,12866,,,failed,
"FASTSIGNS of South Ozone Park - JFK Airport, NY","11109 Rockaway Blvd South Ozone Park, NY 11420 USA",South Ozone Park,NY,11420,40.677530493311,-73.827425910877,ok,nyc
"FASTSIGNS of Staten Island, NY","3801 Victory Blvd, Ste E Staten Island, NY 10314 USA",Staten Island,NY,10314,40.596737663699,-74.182665892175,ok,nyc
"FASTSIGNS of Syracuse, NY","1401 Erie Blvd East, Suite 3 Syracuse, NY 13210 USA","East, Suite 3 Syracuse",NY,13210,43.050452874561,-76.12752746917,ok,
"FASTSIGNS of Wappingers Falls, NY","1839 South Rd, Ste 2B Wappingers Falls, NY 12590 USA",Wappingers Falls,NY,12590,41.614631412319,-73.914707244375,ok,
"FASTSIGNS of West Babylon, NY","46A Kean Street West Babylon, NY 11704 USA",West Babylon,NY,11704,40.735481866646,-73.379224004247,ok,
"FASTSIGNS of White Plains, NY","77 Lafayette Ave White Plains, NY 10603-1064 USA",White Plains,NY,10603,41.062655739447,-73.772633886455,ok,
FASTSIGNS of Asheville,"1202 Patton Ave Asheville, NC 28806 USA",Asheville,NC,28806,35.586419671527,-82.599387253882,ok,
"FASTSIGNS of Cary, NC","481 James Jackson Ave Cary, NC 27513 USA",Cary,NC,27513,35.798652686776,-78.810845508359,ok,
"FASTSIGNS of Charlotte, NC - Airport","2905 Queen City Drive, Suite F Charlotte, NC 28208 USA",Charlotte,NC,28208,35.238809612177,-80.913634845905,ok,
"FASTSIGNS of Charlotte, NC - Independence Blvd","4845-B E Independence Blvd Charlotte, NC 28212 USA",Charlotte,NC,28212,35.192061378805,-80.763835705809,ok,
"FASTSIGNS of Charlotte, NC - North Tryon - University","7407 N. Tryon St. Charlotte, NC 28262 USA",Charlotte,NC,28262,35.288706743774,-80.759110084161,ok,
"FASTSIGNS of Charlotte, NC - Pineville Ballantyne","7510 Pineville-Matthews Rd., Ste 8A Charlotte, NC 28226 USA",Charlotte,NC,28226,35.087806638342,-80.845541736684,ok,
"FASTSIGNS of Charlotte, NC - South Tryon","3400 South Tryon St, Ste A Charlotte, NC 28217-1314 USA",Charlotte,NC,28217,35.197229421497,-80.876235510658,ok,
"FASTSIGNS of Concord, NC","147 Union St S Concord, NC 28025 USA",Concord,NC,28025,35.407700034097,-80.578002357677,ok,
"FASTSIGNS of Durham, NC","4015 University Dr, Ste D2 Durham, NC 27707-2548 USA",Durham,NC,27707,35.965873250005,-78.955478904481,ok,
"FASTSIGNS of Fayetteville, NC","700 Ramsey St Fayetteville, NC 28301 USA",Fayetteville,NC,28301,35.063326067125,-78.878003538346,ok,
"FASTSIGNS of Garner, NC","1432 Garner Station Blvd Raleigh, NC 27603-3600 USA",Raleigh,NC,27603,35.724885027847,-78.652658767854,ok,
"FASTSIGNS of Gastonia, NC","1409 E Franklin Blvd Gastonia, NC 28054 USA",Gastonia,NC,28054,35.262207540956,-81.15549633438,ok,
"FASTSIGNS of Greenville, NC","2294 County Home Rd, Ste A Greenville, NC 27858-7932 USA",Greenville,NC,27858,35.561098500344,-77.355085055949,ok,
"FASTSIGNS of High Point, NC","1305 N Main St High Point, NC 27262 USA",High Point,NC,27262,35.971813263583,-80.01679205226,ok,
"FASTSIGNS of Huntersville, NC","14229 Reese Blvd W Ste B1 Huntersville, NC 28078 USA",Huntersville,NC,28078,35.407599468968,-80.862898959681,ok,
"FASTSIGNS of Monroe, NC","2336 Concord Hwy Monroe, NC 28110 USA",Monroe,NC,28110,35.014545369841,-80.542944649599,ok,
"FASTSIGNS of Mooresville - Lake Norman, NC","119 Midnight Lane Mooresville, NC 28117 USA",Mooresville,NC,28117,35.598294922875,-80.863756833899,ok,
"FASTSIGNS of Raleigh, NC","2621 Spring Forest Rd Raleigh, NC 27616 USA",Raleigh,NC,27616,35.859244860905,-78.595967016326,ok,
"FASTSIGNS of Wilmington, NC","4305 Oleander Dr Wilmington, NC 28403-5007 USA",Wilmington,NC,28403,34.210854875017,-77.889845215797,ok,
"FASTSIGNS of Akron, OH","1783 Brittain Rd Akron, OH 44310 USA",Akron,OH,44310,41.110711620589,-81.466006397199,ok,
"FASTSIGNS of Bedford Heights, OH","5221 Northfield Rd, Ste 1 Bedford Heights, OH 44146 USA",Bedford Heights,OH,44146,,,failed,
"FASTSIGNS of Blue Ash, OH","11109 Kenwood Rd Blue Ash, OH 45242 USA",Blue Ash,OH,45242,39.266156218229,-84.37365783331,ok,
"FASTSIGNS of Broadview Heights, OH","1100 W Royalton Rd, Ste A Broadview Heights, OH 44147-3947 USA",Broadview Heights,OH,44147,41.31386523873,-81.6876724133,ok,
"FASTSIGNS of Canton, OH - Central","2417 Tuscarawas St W Canton, OH 44708-4739 USA",Canton,OH,44708,40.799334272789,-81.401607254456,ok,
"FASTSIGNS of Canton, OH - North","7219 Whipple Ave NW North Canton, OH 44720 USA",North Canton,OH,44720,40.885415702485,-81.422902803836,ok,
"FASTSIGNS of Cincinnati, OH - Colerain","3111 W Galbraith Rd Cincinnati, OH 45239 USA",Cincinnati,OH,45239,39.219908044999,-84.585109426228,ok,
"FASTSIGNS of Cincinnati, OH - Highland Ave.","3248 Highland Ave Cincinnati, OH 45213 USA",Cincinnati,OH,45213,39.167560729101,-84.42853676294,ok,
"FASTSIGNS of Cincinnati, OH - Mason","12125 Montgomery Rd Cincinnati, OH 45249 USA",Cincinnati,OH,45249,39.28995098576,-84.30022508193,ok,
"FASTSIGNS of Columbus, OH - Downtown","111 W Nationwide Blvd, Ste 3 Columbus, OH 43215-2547 USA",Columbus,OH,43215,39.968567679014,-83.00497884967,ok,
"FASTSIGNS of Dayton, OH","6020 N Dixie Dr Dayton, OH 45414 USA",Dayton,OH,45414,39.823741397938,-84.198239461533,ok,
"FASTSIGNS of Dayton, OH - Beavercreek","3979 Indian Ripple Rd, Unit H Beavercreek, OH 45440-5107 USA",Beavercreek,OH,45440,39.695023109439,-84.084229671273,ok,
"FASTSIGNS of Dayton, OH - Centerville","978 Miamisburg Centerville Rd Dayton, OH 45459 USA",Dayton,OH,45459,39.627459313933,-84.18683525086,ok,
"FASTSIGNS of Dayton, OH - Huber Heights","6212 Executive Blvd Dayton, OH 45424 USA",Dayton,OH,45424,39.870044726519,-84.118388777521,ok,
"FASTSIGNS of Downtown Cincinnati, OH","120 W. 7th St. Cincinnati, OH 45202 USA",Cincinnati,OH,45202,39.103453552266,-84.515632750473,ok,
"FASTSIGNS of Downtown Cleveland, OH","2102 St Clair Ave Cleveland, OH 44114 USA",Cleveland,OH,44114,41.508984265781,-81.679763081433,ok,
"FASTSIGNS of Dublin, OH","2829 Festival Ln Dublin, OH 43017 USA",Dublin,OH,43017,40.092613258187,-83.090783069472,ok,
"FASTSIGNS of Fairfield, OH","6560 Dixie Hwy, Ste E Fairfield, OH 45014 USA",Fairfield,OH,45014,39.320246149775,-84.498821307004,ok,
"FASTSIGNS of Findlay, OH","303 E Sandusky St Findlay, OH 45840 USA",Findlay,OH,45840,41.036938905106,-83.645820722107,ok,
"FASTSIGNS of Hilliard, OH","4440 Reynolds Dr, # 101 Hilliard, OH 43026 USA",Hilliard,OH,43026,40.039152529251,-83.136057496392,ok,
FASTSIGNS of Lima/West Central Ohio,"2155 Elida Rd Lima, OH 45805 USA",Lima,OH,45805,40.760695448059,-84.144780096377,ok,
"FASTSIGNS of Lyndhurst, OH","5369 Mayfield Rd Lyndhurst, OH 44124 USA",Lyndhurst,OH,44124,41.520010191484,-81.486241719929,ok,
"FASTSIGNS of Maumee, OH","314 W Dussel Dr Maumee, OH 43537-1671 USA",Maumee,OH,43537,41.582119961178,-83.674101386807,ok,
"FASTSIGNS of Medina, OH","2755 Medina Road Medina, OH 44256 USA",Medina,OH,44256,41.136251728054,-81.786549314737,ok,
"FASTSIGNS of Mentor, OH","7896 Tyler Blvd Mentor, OH 44060 USA",Mentor,OH,44060,41.679287681574,-81.358785696275,ok,
"FASTSIGNS of North Olmsted, OH","24181 Lorain Rd North Olmsted, OH 44070 USA",North Olmsted,OH,44070,41.428802271632,-81.890045237385,ok,
"FASTSIGNS of Pickerington - Reynoldsburg, OH","201 Clint Dr, Suite 500 Pickerington, OH 43147-7876 USA",Pickerington,OH,43147,39.920199083931,-82.781166712185,ok,
"FASTSIGNS of Strongsville, OH","12245 Pearl Rd Strongsville, OH 44136-3410 USA",Strongsville,OH,44136,41.32341286643,-81.836493914209,ok,
"FASTSIGNS of Toledo, OH","1012 N McCord Rd Toledo, OH 43615 USA",Toledo,OH,43615,41.65174624138,-83.70357472473,ok,
"FASTSIGNS of Twinsburg, OH","8900 Darrow Rd, Suite H101 Twinsburg, OH 44087 USA",Twinsburg,OH,44087,41.308492047114,-81.440330185508,ok,
"FASTSIGNS of Westerville, OH","654A Brooksedge Blvd Westerville, OH 43081 USA",Westerville,OH,43081,40.108230516073,-82.930686956346,ok,
"FASTSIGNS of Youngstown - Boardman, OH","7340 Market St Boardman, OH 44512 USA",Boardman,OH,44512,41.022915301356,-80.662815609671,ok,
"FASTSIGNS of Broken Arrow, OK","927 N Elm Pl Broken Arrow, OK 74012 USA",Broken Arrow,OK,74012,36.061299496366,-95.797366129954,ok,
"FASTSIGNS of Lawton, OK","301 SE Wallock St Lawton, OK 73501 USA",Lawton,OK,73501,,,failed,
"FASTSIGNS of Moore, OK","2990 SE 19th Street, Suite 7 Moore, OK 73160 USA",Moore,OK,73160,35.319662187709,-97.443066343915,ok,
"FASTSIGNS of Norman, OK","900 24th Ave NW, Ste 2 Norman, OK 73069 USA",Norman,OK,73069,35.229351053702,-97.480433950147,ok,
"FASTSIGNS of Oklahoma City, OK - Southwest","4419 SW 21st St Oklahoma City, OK 73108 USA",Oklahoma City,OK,73108,35.443415058191,-97.599722272705,ok,
"FASTSIGNS of Owasso, OK","8751 N 117th East Ave, Ste D Owasso, OK 74055 USA",Owasso,OK,74055,36.27936244908,-95.843612066386,ok,
"FASTSIGNS of Tulsa, OK","4727-A S. Memorial Dr Tulsa, OK 74145 USA",Tulsa,OK,74145,36.095912688442,-95.88647404828,ok,
"FASTSIGNS of Beaverton, OR","12700 SW Canyon Rd Beaverton, OR 97005 USA",Beaverton,OR,97005,45.488268088444,-122.807374114228,ok,
"FASTSIGNS of Bend, OR","20332 Empire Avenue, Suite #F2 Bend, OR 97701 USA",Suite #F2 Bend,OR,97701,44.091216655662,-121.307681683328,ok,
"FASTSIGNS of Eugene, OR","475 W. 5th Ave Eugene, OR 97401 USA",Eugene,OR,97401,44.054398440223,-123.099409039859,ok,
"FASTSIGNS of Portland, OR - Clackamas","10309 SE 82nd Ave, Ste C Happy Valley, OR 97086-2309 USA",Happy Valley,OR,97086,45.448634674769,-122.578988233837,ok,
"FASTSIGNS of Portland, OR - Downtown","3259 NW 29th Ave Portland, OR 97210-1711 USA",Portland,OR,97210,45.546205558564,-122.71099499737,ok,
"FASTSIGNS of Salem, OR","2290 Commercial St SE, Ste 101 Salem, OR 97302 USA",Salem,OR,97302,44.919260355132,-123.04466347043,ok,
"FASTSIGNS of Tigard, OR","15889 S.W. 72nd Ave Portland, OR 97224 USA",Portland,OR,97224,45.405322187375,-122.749064641292,ok,
"FASTSIGNS of Allentown, PA","396 Schantz Rd. Allentown, PA 18104 USA",Allentown,PA,18104,40.574244272427,-75.55351849981,ok,
FASTSIGNS of Conshohocken,"1940 Main Ave Conshohocken, PA 19428 USA",Conshohocken,PA,19428,40.096840374742,-75.292486402566,ok,
"FASTSIGNS of Doylestown, PA","826 N Easton Rd Doylestown, PA 18902 USA",Doylestown,PA,18902,40.33412124797,-75.129758064802,ok,
"FASTSIGNS of East Norriton, PA","East Norriton, PA 19401 USA",East Norriton,PA,19401,,,failed,
"FASTSIGNS of Easton, PA","10 Hilton Street Easton, PA 18042 USA",Easton,PA,18042,40.670652104462,-75.220078250818,ok,
"FASTSIGNS of Erie, PA","436 W 12th St Erie, PA 16501-1506 USA",Erie,PA,16501,42.120076502806,-80.090698103353,ok,
"FASTSIGNS of Exton, PA","307 E Lincoln Hwy Exton, PA 19341 USA",Exton,PA,19341,40.029484463013,-75.614930964685,ok,
"FASTSIGNS of Fairless Hills, PA","463 S Oxford Valley Rd Fairless Hills, PA 19030-4202 USA",Fairless Hills,PA,19030,40.169183237154,-74.85005090992,ok,
"FASTSIGNS of Greencastle, PA","20 Commerce Ave Greencastle, PA 17225 USA",Greencastle,PA,17225,39.767107218322,-77.728629171686,ok,
"FASTSIGNS of Greensburg, PA","6150 Route 30 W, Suite 500 Greensburg, PA 15601 USA","6150 Route 30 W, Suite 500 Greensburg",PA,15601,40.304940743493,-79.58702245028,ok,
"FASTSIGNS of Harrisburg, PA","500 Colonial Rd Harrisburg, PA 17112 USA",Harrisburg,PA,17112,40.306612151367,-76.823442656811,ok,
"FASTSIGNS of Lancaster, PA","1811 Rohrerstown Rd., Suite 2 Lancaster, PA 17601 USA",Lancaster,PA,17601,40.09028979728,-76.355824688631,ok,
"FASTSIGNS of Main Line, PA","921 Montgomery Ave Narberth, PA 19072 USA",Narberth,PA,19072,40.011461860247,-75.260259493517,ok,
"FASTSIGNS of McMurray / Canonsburg, PA","110 W McMurray Rd McMurray, PA 15317-2496 USA",McMurray,PA,15317,40.273207077675,-80.127342250391,ok,
"FASTSIGNS of Mechanicsburg, PA","110 South Sporting Hill Rd., Ste 500 Mechanicsburg, PA 17050 USA",Mechanicsburg,PA,17050,40.234907708056,-76.9719371725,ok,
"FASTSIGNS of Monroeville, PA","4400 Old William Penn Highway, Ste 106 Monroeville, PA 15146 USA",Monroeville,PA,15146,40.445422069942,-79.765115821339,ok,
"FASTSIGNS of Montgomeryville, PA","724 Bethlehem Pike Montgomeryville, PA 18936 USA",Montgomeryville,PA,18936,40.258176808338,-75.248326151806,ok,
"FASTSIGNS of Northeast Philadelphia, PA","1701 Welsh Rd, Unit 3 Philadelphia, PA 19115-3172 USA",Philadelphia,PA,19115,,,failed,
"FASTSIGNS of Philadelphia, PA - Center City","200 N 16th Street Philadelphia, PA 19102 USA",Philadelphia,PA,19102,39.956701358568,-75.166056266295,ok,
"FASTSIGNS of Phoenixville-King of Prussia, PA","257 Schuylkill Rd Phoenixville, PA 19460-1879 USA",Phoenixville,PA,19460,40.135365696591,-75.541791118945,ok,
"FASTSIGNS of Pittsburgh North - Wexford, PA","150 Lake Drive Wexford, PA 15090 USA",Wexford,PA,15090,40.617009214182,-80.053256652321,ok,
FASTSIGNS of Pittsburgh-City/South,"2831 Banksville Rd Pittsburgh, PA 15216 USA",Pittsburgh,PA,15216,40.405874496438,-80.03626815282,ok,
"FASTSIGNS of Pittsburgh: Edgewood-Swissvale, PA","7425 Washington Ave Pittsburgh, PA 15218 USA",Pittsburgh,PA,15218,40.420233480457,-79.888762666139,ok,
"FASTSIGNS of Pottstown, PA","180 Shoemaker Rd, Unit B Pottstown, PA 19464 USA",Pottstown,PA,19464,40.253082913145,-75.659111281069,ok,
"FASTSIGNS of Scranton, PA","205 Scranton Carbondale Hwy Scranton, PA 18508 USA",Scranton,PA,18508,41.460493159484,-75.657695099278,ok,
"FASTSIGNS of South Hills/Brentwood, PA Coming Soon","123 FASTSIGNS Ave. South Hills/Brentwood, PA 15216 USA",South Hills/Brentwood,PA,15216,,,failed,
"FASTSIGNS of Spirk - Butler, PA Coming Soon","Spirk - Butler, PA 16001 USA",Spirk - Butler,PA,16001,,,failed,
"FASTSIGNS of Springfield, PA","164 Baltimore Pike Springfield, PA 19064 USA",Springfield,PA,19064,39.923482722004,-75.315035190486,ok,
"FASTSIGNS of Uniontown, PA","140 Morgantown St. Uniontown, PA 15401 USA",Uniontown,PA,15401,39.897339117874,-79.72974857729,ok,
"FASTSIGNS of Wilkes-Barre, PA","677 Kidder St, Ste B Wilkes Barre, PA 18702 USA",Wilkes Barre,PA,18702,41.251015750372,-75.851427701385,ok,
"FASTSIGNS of Williamsport - Muncy, PA","66 Mall Pkwy Muncy, PA 17756 USA",Muncy,PA,17756,41.238633922517,-76.829241940426,ok,
"FASTSIGNS of Willow Grove, PA","707 Easton Rd Willow Grove, PA 19090-2003 USA",Willow Grove,PA,19090,40.150908792852,-75.120574414812,ok,
"FASTSIGNS of York, PA","100 Leader Heights Rd York, PA 17403 USA",York,PA,17403,39.909601707052,-76.7080746727,ok,
"FASTSIGNS of Caguas, PR","Ave Degetau D-8 Caguas, PR 00725 USA",Degetau D-8 Caguas,PR,00725,18.222580298064,-66.039461154854,ok,
"FASTSIGNS of Carolina, PR","3000 Ave Roberto Sanchez Vilella, Ste 2 Carolina, PR 00983 USA","Roberto Sanchez Vilella, Ste 2 Carolina",PR,00983,,,failed,
"FASTSIGNS of Guaynabo, PR","Carretera #2 , #136 Guaynabo, PR 00966 USA","Carretera #2 , #136 Guaynabo",PR,00966,,,failed,
"FASTSIGNS Of Las Piedras, PR","PR-183 Km. 20.60, Intersection PR-917 Bo. Montones GF-4 Las Piedras, PR 00771 USA","PR-183 Km. 20.60, Intersection PR-917 Bo. Montones GF-4 Las Piedras",PR,00771,,,failed,
"FASTSIGNS of Aiken, SC","2569 Whiskey Rd Aiken, SC 29803 USA",Aiken,SC,29803,33.505851358943,-81.709670865217,ok,
"FASTSIGNS of Anderson, SC Coming Soon","3501 Clemson Blvd, Suite 6 Anderson, SC 29621 USA",Anderson,SC,29621,34.549460900011,-82.674381648388,ok,
"FASTSIGNS of Charleston, SC","2467 Savannah Hwy, Suite 540 Charleston, SC 29414 USA",Charleston,SC,29414,32.792973189509,-80.051560047248,ok,
"FASTSIGNS of Columbia, SC - Harbison Blvd.","252A Harbison Blvd Columbia, SC 29212 USA",Columbia,SC,29212,34.072137813268,-81.159658058817,ok,
"FASTSIGNS of Columbia, SC - Two Notch Rd.","7124 Two Notch Rd Columbia, SC 29223 USA",Columbia,SC,29223,34.063964558043,-80.958017598021,ok,
"FASTSIGNS of Greenville, SC","717 Airport Rd Greenville, SC 29607-2618 USA",Greenville,SC,29607,,,failed,
"FASTSIGNS of Hilton Head Island / Bluffton, SC","157 William Hilton Pkwy Hilton Head Island, SC 29926 USA",Hilton Head Island,SC,29926,32.216278152287,-80.751633427025,ok,
"FASTSIGNS of Mt. Pleasant, SC","1110 Clarity Rd Mt. Pleasant, SC 29464 USA",Mt. Pleasant,SC,29464,,,failed,
"FASTSIGNS of Myrtle Beach, SC","685 Robert M Grissom Pkwy Myrtle Beach, SC 29577 USA",Myrtle Beach,SC,29577,33.70281182506,-78.900084273529,ok,
"FASTSIGNS of North Charleston, SC","2080 Northbrook Blvd, Unit A Charleston, SC 29406 USA",Charleston,SC,29406,32.949014797493,-80.041028226744,ok,
"FASTSIGNS of Rock Hill, SC","2117 Farlow Street Rock Hill, SC 29732 USA",Rock Hill,SC,29732,34.964287236412,-81.001924487722,ok,
"FASTSIGNS of Spartanburg, SC","220 E Henry St Spartanburg, SC 29306 USA",Spartanburg,SC,29306,34.947613303997,-81.925542430953,ok,
"FASTSIGNS of Sioux Falls, SD","700 N Western Ave Sioux Falls, SD 57104-2031 USA",Sioux Falls,SD,57104,43.555569944612,-96.751144057219,ok,
"FASTSIGNS of Alcoa, TN","3081 Lois Lane Alcoa, TN 37701 USA",Alcoa,TN,37701,35.827724607841,-83.976552161571,ok,
"FASTSIGNS of Brentwood/Franklin, TN","1945 Mallory Ln, Ste 165 Franklin, TN 37067-2839 USA",Franklin,TN,37067,35.954447990404,-86.81778159428,ok,
FASTSIGNS of Chattanooga,"3763 Powers Ct Chattanooga, TN 37416 USA",Chattanooga,TN,37416,35.073263101226,-85.196237843864,ok,
"FASTSIGNS of Clarksville, TN","119 West Dunbar Cave Road Clarksville, TN 37040 USA",Clarksville,TN,37040,36.55523131744,-87.325655373083,ok,
"FASTSIGNS of Cookeville, TN","220-B Rotary Centennial Drive Cookeville, TN 38501 USA",Cookeville,TN,38501,,,failed,
"FASTSIGNS of Hendersonville, TN","112 Saundersville Rd, Ste C-302 Hendersonville, TN 37075 USA",Hendersonville,TN,37075,36.326486951565,-86.593494298645,ok,
"FASTSIGNS of Johnson City, TN","2708 N Roan St Johnson City, TN 37601 USA",Johnson City,TN,37601,36.354760069636,-82.382347224241,ok,
"FASTSIGNS of Knoxville, TN","8333 Gleason Dr Knoxville, TN 37919-5440 USA",Knoxville,TN,37919,35.917283489063,-84.055104543967,ok,
"FASTSIGNS of Memphis, TN - Midtown","16 N Mclean Blvd Memphis, TN 38104 USA",Memphis,TN,38104,35.13810416461,-89.999531548633,ok,
"FASTSIGNS of Memphis, TN - Mount Moriah Rd.","834 Mount Moriah Rd Memphis, TN 38117 USA",Memphis,TN,38117,35.108277748275,-89.895265379753,ok,
"FASTSIGNS of Murfreesboro, TN","410 W Burton St Murfreesboro, TN 37130-3605 USA",Murfreesboro,TN,37130,35.849510186744,-86.394746274226,ok,
"FASTSIGNS of Nashville, TN","2010 Glen Echo Rd Nashville, TN 37215 USA",Nashville,TN,37215,36.108410298538,-86.810949391548,ok,
"FASTSIGNS of Nashville, TN - Downtown","604 Gallatin Ave, Ste 104 Nashville, TN 37206-3237 USA",Nashville,TN,37206,36.182271164873,-86.749092940997,ok,
"FASTSIGNS of Nashville, TN - Hermitage","5504 Old Hickory Blvd Hermitage, TN 37076 USA",Hermitage,TN,37076,36.182155068696,-86.60788976339,ok,
"FASTSIGNS of Sevierville, TN","250 Middle Creek Rd, Suite 1 Sevierville, TN 37862 USA",Sevierville,TN,37862,35.861552598152,-83.54605820652,ok,
"FASTSIGNS of Austin, TX - Lakeway","2009 RR 620 N, Suite 720 Lakeway, TX 78734 USA","2009 RR 620 N, Suite 720 Lakeway",TX,78734,30.356434341424,-97.973840736577,ok,
"FASTSIGNS of Cypress, TX","15932 Cypress North, Houston Rd Cypress, TX 77429 USA",Cypress,TX,77429,,,failed,
"FASTSIGNS of Houston, TX - I-45 - North Fwy","16220 North Freeway Houston, TX 77090-3517 USA",Houston,TX,77090,30.00100784235,-95.425525711636,ok,
"FASTSIGNS of Allen, TX","604A N Central Expy Allen, TX 75013-1559 USA",Allen,TX,75013,33.110021437625,-96.673827063124,ok,
"FASTSIGNS of Amarillo, TX","2921 I-40 W, Ste 500 Amarillo, TX 79109 USA","2921 I-40 W, Ste 500 Amarillo",TX,79109,,,failed,
"FASTSIGNS of Austin, TX - Anderson Mill","13497 US-183 #301 Austin, TX 78750 USA",13497 US-183 #301 Austin,TX,78750,,,failed,
"FASTSIGNS of Austin, TX - Burnet Rd.","8820 Burnet Rd, Ste 504 Austin, TX 78757 USA",Austin,TX,78757,30.370335954936,-97.727126969417,ok,
"FASTSIGNS of Austin, TX - Downtown","2815 Guadalupe St Austin, TX 78705 USA",Austin,TX,78705,30.294167713801,-97.742141853602,ok,
"FASTSIGNS of Baytown, TX","4806 A I-10 East Fwy Baytown, TX 77521 USA",Baytown,TX,77521,29.803752819332,-94.985234640511,ok,
"FASTSIGNS of Beaumont, TX","4108 N. Dowlen Beaumont, TX 77706 USA",4108 N. Dowlen Beaumont,TX,77706,30.119228201028,-94.167258653217,ok,
"FASTSIGNS of Carrollton, TX","2717 E Belt Line Rd, Ste 113 Carrollton, TX 75006 USA",Carrollton,TX,75006,32.953338653597,-96.859781662918,ok,
"FASTSIGNS of College Station, TX","404 University Dr E, Ste C College Station, TX 77840 USA",College Station,TX,77840,30.630848480282,-96.331488566756,ok,
"FASTSIGNS of Conroe, TX","1151 N Loop 336 E Conroe, TX 77301 USA",336 E Conroe,TX,77301,30.339992813822,-95.438816734461,ok,
"FASTSIGNS of Corpus Christi, TX","1220 Airline Rd, Ste 170 Corpus Christi, TX 78412 USA",Corpus Christi,TX,78412,27.709411518443,-97.362505540139,ok,
FASTSIGNS of Dallas - North Central,"10225 N Central Expy Dallas, TX 75231 USA",Dallas,TX,75231,32.8799085949,-96.7707787006,ok,
"FASTSIGNS of Dallas, TX - Downtown","701 Commerce St, Ste 100B Dallas, TX 75202 USA",Dallas,TX,75202,32.778506964494,-96.805815082114,ok,
"FASTSIGNS of Dallas, TX - Love Field","1555 Prudential Dr Dallas, TX 75235-4111 USA",Dallas,TX,75235,32.824041552844,-96.859749279474,ok,
"FASTSIGNS of Dallas, TX - North Jim Miller Road","5409 N Jim Miller Rd, Ste 201 Dallas, TX 75227-1500 USA",Dallas,TX,75227,32.789871020374,-96.700192209158,ok,
"FASTSIGNS of Dallas, TX - Northeast","9742 Skillman Dallas, TX 75243 USA",9742 Skillman Dallas,TX,75243,32.908666563539,-96.705830688827,ok,
"FASTSIGNS of Dallas, TX - Oak Lawn","2629 Oak Lawn Ave Dallas, TX 75219 USA",Dallas,TX,75219,32.80556882608,-96.812724557254,ok,
"FASTSIGNS of Dallas, TX - Southwest","6940 Marvin D Love Fwy Dallas, TX 75237 USA",Dallas,TX,75237,32.667396995738,-96.864577289625,ok,
"FASTSIGNS of Dallas, TX - West","1417 N Cockrell Hill Rd, Ste 104 Dallas, TX 75211-1308 USA",Dallas,TX,75211,32.726280548073,-96.891560345834,ok,
"FASTSIGNS of Denton, TX","3401 E. University, #301 Denton, TX 76208 USA","3401 E. University, #301 Denton",TX,76208,33.233880956543,-97.084361298774,ok,
"FASTSIGNS of East Dallas, TX","4714 Greenville Ave Dallas, TX 75206 USA",Dallas,TX,75206,32.844849889122,-96.76992678035,ok,
"FASTSIGNS of El Paso, TX - Airway","1201 Airway, Ste D3 El Paso, TX 79925 USA","1201 Airway, Ste D3 El Paso",TX,79925,31.782206705231,-106.39442789323,ok,
"FASTSIGNS of El Paso, TX - Far East","1355 George Dieter Dr, Bldg A Ste 103 El Paso, TX 79936-7410 USA",Bldg A Ste 103 El Paso,TX,79936,31.72834677141,-106.302997200046,ok,
"FASTSIGNS of El Paso, TX - North Mesa","4224 N Mesa, Ste F El Paso, TX 79902 USA","4224 N Mesa, Ste F El Paso",TX,79902,31.795607218634,-106.510953298254,ok,
"FASTSIGNS of Fort Worth, TX - Alliance","2400 Westport Parkway, Ste 900 Fort Worth, TX 76177 USA",Fort Worth,TX,76177,32.972120953296,-97.312316037892,ok,fort_worth
"FASTSIGNS of Fort Worth, TX - Camp Bowie","5925 Camp Bowie Blvd Fort Worth, TX 76107 USA",Fort Worth,TX,76107,32.729981849033,-97.412109888774,ok,fort_worth
"FASTSIGNS of Fort Worth, TX - Downtown","2603 8th Ave, Ste 109 Fort Worth, TX 76110 USA",Fort Worth,TX,76110,32.714233605003,-97.343703743843,ok,fort_worth
"FASTSIGNS of Fort Worth, TX - Hulen","4901 S Hulen St Fort Worth, TX 76132 USA",Fort Worth,TX,76132,32.676268492336,-97.396463784539,ok,fort_worth
"FASTSIGNS of Frisco, TX","9411 Preston Rd, Ste 105 Frisco, TX 75033 USA",Frisco,TX,75033,33.155051567498,-96.803430147656,ok,
"FASTSIGNS of Galveston, TX - Texas City","1021 61st St, Ste 600-B Galveston, TX 77551 USA",Galveston,TX,77551,29.287871927992,-94.837667603137,ok,
"FASTSIGNS of Garland, TX","5255 N President George Bush Hwy, Ste 300 Garland, TX 75040 USA",Garland,TX,75040,,,failed,
"FASTSIGNS of Georgetown, TX","505 W University Ave., Suite G Georgetown, TX 78626 USA",Georgetown,TX,78626,30.633270004488,-97.680811450108,ok,
"FASTSIGNS of Granbury, TX","2116 E US Highway 377 Granbury, TX 76049-5917 USA",377 Granbury,TX,76049,,,failed,
"FASTSIGNS of Grand Prairie, TX","217 W Main St Grand Prairie, TX 75050 USA",Grand Prairie,TX,75050,32.745353379032,-97.005898973506,ok,
"FASTSIGNS of Harlingen, TX","1009 S 77 Sunshine Strip Harlingen, TX 78550 USA",1009 S 77 Sunshine Strip Harlingen,TX,78550,26.18411161205,-97.680050721956,ok,
FASTSIGNS of Houston TX - Jacinto City,"11430 East Fwy, Ste 304 Jacinto City, TX 77029 USA",Jacinto City,TX,77029,29.772124833694,-95.230446075329,ok,
FASTSIGNS of Houston TX - Missouri City,"9612 Highway 6, Ste 130 Missouri City, TX 77459-5153 USA","6, Ste 130 Missouri City",TX,77459,,,failed,
"FASTSIGNS of Houston, TX - Galleria Area","6115 Westheimer Houston, TX 77057 USA",6115 Westheimer Houston,TX,77057,29.737614910911,-95.490326962547,ok,
"FASTSIGNS of Houston, TX - Gulf Freeway","12817-D Gulf Fwy Houston, TX 77034 USA",Houston,TX,77034,29.615221158187,-95.214446211242,ok,
"FASTSIGNS of Houston, TX - Midtown","2929A Milam St Houston, TX 77006 USA",Houston,TX,77006,29.7443069829,-95.377417328814,ok,
"FASTSIGNS of Houston, TX - Northwest Fwy","10622 Northwest Fwy Houston, TX 77092 USA",Houston,TX,77092,29.812855871101,-95.460891447793,ok,
"FASTSIGNS of Houston, TX - Pinto Business Park","11003 Antoine Dr, Suite J Houston, TX 77086 USA",Houston,TX,77086,29.935902356045,-95.48330590414,ok,
"FASTSIGNS of Houston, TX - South Loop","9020 Kirby Dr Houston, TX 77054 USA",Houston,TX,77054,29.672804021828,-95.412283927908,ok,
"FASTSIGNS of Houston, TX - Southwest Fwy","8373 Southwest Fwy Houston, TX 77074 USA",Houston,TX,77074,29.688209478233,-95.529940472097,ok,
"FASTSIGNS of Houston, TX - The Heights","946 N Shepherd Dr, Ste C Houston, TX 77008 USA",Houston,TX,77008,29.788298142284,-95.409778696359,ok,
"FASTSIGNS of Houston, TX - Weslayan","3895 Southwest Fwy, Ste A Houston, TX 77027-7515 USA",Houston,TX,77027,29.728518101935,-95.43940271308,ok,
"FASTSIGNS of Houston, TX - West","2535 Blue Willow Dr Houston, TX 77042 USA",Houston,TX,77042,29.737719585672,-95.563066813079,ok,
"FASTSIGNS of Humble, TX","258 FM 1960 E, Ste A Humble, TX 77338 USA","258 FM 1960 E, Ste A Humble",TX,77338,,,failed,
"FASTSIGNS of Irving / Las Colinas, TX","4070 N. Belt Line Road, Suite 156 Irving, TX 75038 USA",Irving,TX,75038,32.863719903781,-96.991665696796,ok,
"FASTSIGNS of Katy, TX","22511 Katy Fwy Katy, TX 77450 USA",Katy,TX,77450,29.784906515592,-95.763356425274,ok,
"FASTSIGNS of Killeen, TX","507 Priest Dr Killeen, TX 76541 USA",Killeen,TX,76541,31.114843438324,-97.735599516185,ok,
"FASTSIGNS of Leander - Cedar Park, TX","15441 Ronald Reagan Blvd, Bldg 2 Leander, TX 78641 USA",Bldg 2 Leander,TX,78641,30.562662103732,-97.80002422506,ok,
"FASTSIGNS of Lewisville, TX","1306 W. Main St. Lewisville, TX 75067 USA",Lewisville,TX,75067,33.042051914666,-97.027569929301,ok,
"FASTSIGNS of Longview, TX","128 Beechwood Dr Longview, TX 75605-0011 USA",Longview,TX,75605,,,failed,
"FASTSIGNS of Lubbock, TX","4825 50th, #B Lubbock, TX 79414 USA","4825 50th, #B Lubbock",TX,79414,33.548704862154,-101.914321764208,ok,
"FASTSIGNS of McAllen, TX","3900 N 23rd St McAllen, TX 78501 USA",McAllen,TX,78501,26.239919956828,-98.239433911471,ok,
"FASTSIGNS of McKinney, TX","401 S Central Expy, Ste 101 McKinney, TX 75070 USA",McKinney,TX,75070,33.195286976813,-96.638561753451,ok,
"FASTSIGNS of Mesquite, TX","1765 N Town East Blvd, Ste 153 Mesquite, TX 75150 USA",Mesquite,TX,75150,32.8104881524,-96.626013475455,ok,
"FASTSIGNS of Midland, TX","3504 W. Wall Street, Suite A Midland, TX 79701 USA",Midland,TX,79701,31.981896941387,-102.110226745472,ok,
"FASTSIGNS of Nederland / Port Arthur, TX","1415 S Highway 69 Nederland, TX 77627 USA",69 Nederland,TX,77627,29.965419233879,-94.018807324809,ok,
"FASTSIGNS of New Braunfels, TX","1671 S IH35, Ste 306 New Braunfels, TX 78130-6823 USA","1671 S IH35, Ste 306 New Braunfels",TX,78130,,,failed,
"FASTSIGNS of North Arlington, TX","2131 N Collins St, Unit 401 Arlington, TX 76011 USA",Arlington,TX,76011,32.767883720956,-97.096984354284,ok,fort_worth
"FASTSIGNS of North Dallas, TX","5920 Belt Line Rd, Ste 300 Dallas, TX 75254 USA",Dallas,TX,75254,32.953850884633,-96.805915115351,ok,
"FASTSIGNS of Pasadena, TX","6823 Spencer Hwy, Ste B Pasadena, TX 77505-1770 USA",Pasadena,TX,77505,29.663519676493,-95.135136561786,ok,
"FASTSIGNS of Pflugerville, TX","15424 FM 1825, Ste 117 Pflugerville, TX 78660-3142 USA","15424 FM 1825, Ste 117 Pflugerville",TX,78660,30.448359099744,-97.662007166867,ok,
"FASTSIGNS of Plano, TX","1915 N Central Expy, Ste 900 Plano, TX 75075 USA",Plano,TX,75075,33.027241640477,-96.710013517873,ok,
"FASTSIGNS of Richardson, TX","743 Brick Row Dr, Ste 300 Richardson, TX 75081-4947 USA",Richardson,TX,75081,32.941128306538,-96.736033059214,ok,
"FASTSIGNS of Richland Hills, TX","3100 Handley-Ederville Rd, Ste C Richland Hills, TX 76118 USA",Richland Hills,TX,76118,32.805756955723,-97.221105618886,ok,fort_worth
"FASTSIGNS of Rosenberg/Richmond, TX","28000 Southwest Fwy, Ste H-1 Rosenberg, TX 77471-7155 USA",Rosenberg,TX,77471,,,failed,
"FASTSIGNS of Round Rock, TX","270 Texas Ave Round Rock, TX 78664 USA",Round Rock,TX,78664,30.529799140396,-97.685391848744,ok,
"FASTSIGNS of San Angelo, TX","720 Knickerbocker Rd San Angelo, TX 76903 USA",San Angelo,TX,76903,31.438927890806,-100.445308727246,ok,
"FASTSIGNS of San Antonio, TX - Alamo Ranch","11923 Culebra Rd San Antonio, TX 78253 USA",San Antonio,TX,78253,29.503273430923,-98.728659291381,ok,
"FASTSIGNS of San Antonio, TX - Central","10118 San Pedro Ave San Antonio, TX 78216 USA",San Antonio,TX,78216,29.533090771195,-98.495653803681,ok,
"FASTSIGNS of San Antonio, TX - Downtown","1149 E. Commerce St, Suite 105 San Antonio, TX 78205 USA",San Antonio,TX,78205,29.421836785899,-98.478977527991,ok,
"FASTSIGNS of San Antonio, TX - Northeast","2897 NE Loop 410 , Suite 109 San Antonio, TX 78218 USA","410 , Suite 109 San Antonio",TX,78218,29.516416251136,-98.408617035745,ok,
"FASTSIGNS of San Antonio, TX - Northwest","8714 Fredericksburg Rd San Antonio, TX 78240-1223 USA",San Antonio,TX,78240,29.5237288652,-98.574245766979,ok,
"FASTSIGNS of San Antonio, TX - South","1714 SW Military Dr, Ste 106 San Antonio, TX 78221-1418 USA",San Antonio,TX,78221,29.356596695004,-98.519969536127,ok,
"FASTSIGNS of San Marcos, TX","209 N Edward Gary St San Marcos, TX 78666 USA",San Marcos,TX,78666,29.883504933129,-97.938929741733,ok,
"FASTSIGNS of Sherman, TX","1602 E Houston St Sherman, TX 75090 USA",Sherman,TX,75090,33.640275496601,-96.591245749541,ok,
FASTSIGNS of South Arlington / Mansfield,"1140 W Bardin Rd, Ste 100 Arlington, TX 76017 USA",Arlington,TX,76017,32.670328893766,-97.131476183452,ok,fort_worth
"FASTSIGNS of South Austin, TX","2101 W Ben White Blvd, Ste 103 Austin, TX 78704 USA",Austin,TX,78704,30.230332825125,-97.790108799765,ok,
"FASTSIGNS of Southlake, TX","2300 Dean Way, Ste 120 Southlake, TX 76092 USA",Southlake,TX,76092,32.930822444896,-97.115870509827,ok,fort_worth
"FASTSIGNS of Sugar Land, TX","13444 Southwest Fwy, Ste 3 Sugar Land, TX 77478 USA",Sugar Land,TX,77478,,,failed,
"FASTSIGNS of Temple, TX","904 S 31st St Temple, TX 76504 USA",Temple,TX,76504,31.092100014343,-97.361042888056,ok,
"FASTSIGNS of Texarkana, TX","3735 Mall Dr Texarkana, TX 75501 USA",Texarkana,TX,75501,,,failed,
"FASTSIGNS of The Woodlands, TX","26311 Interstate 45 The Woodlands, TX 77380 USA",26311 Interstate 45 The Woodlands,TX,77380,30.144619231594,-95.447360999707,ok,
"FASTSIGNS of Tomball, TX","715 E Main St, Ste 300 Tomball, TX 77375-6720 USA",Tomball,TX,77375,,,failed,
"FASTSIGNS of Tyler, TX","1813 Capital Dr, Ste 400 Tyler, TX 75701 USA",Tyler,TX,75701,32.296761853639,-95.325333043615,ok,
"FASTSIGNS of Waco, TX","307 Lake Air Dr Waco, TX 76710-5835 USA",Waco,TX,76710,31.522306086751,-97.182698397795,ok,
"FASTSIGNS of Webster, TX - Clear Lake","512 East NASA Parkway, Suite E Webster, TX 77598 USA",Webster,TX,77598,29.534690242966,-95.122298779005,ok,
"FASTSIGNS of West Plano/Frisco, TX","8100 Dallas Pkwy, 109 Plano, TX 75024-4010 USA",109 Plano,TX,75024,,,failed,
"FASTSIGNS of Draper, UT","656 East 11400 South, Suite L Draper, UT 84020 USA","656 East 11400 South, Suite L Draper",UT,84020,40.544270689997,-111.873533195546,ok,
"FASTSIGNS of Murray, UT","6570 S State St Murray, UT 84107 USA",Murray,UT,84107,40.629225501312,-111.88984063542,ok,
"FASTSIGNS of Ogden/Roy, UT","5758 S 1900 W Roy, UT 84067 USA",5758 S 1900 W Roy,UT,84067,41.158705846493,-112.025954080994,ok,
"FASTSIGNS of Provo, UT","231 W 1230 N Provo, UT 84604 USA",231 W 1230 N Provo,UT,84604,40.25053159673,-111.662646550117,ok,
"FASTSIGNS of Burlington, VT","1335 Shelburne Rd South Burlington, VT 05403-7714 USA",South Burlington,VT,05403,44.434437563538,-73.210784818151,ok,
"FASTSIGNS of Arlington, VA","5852 Washington Blvd, Ste 4 Arlington, VA 22205 USA",Arlington,VA,22205,38.885141444955,-77.140806788419,ok,
"FASTSIGNS of Chesapeake, VA","662 Prosperity Way Chesapeake, VA 23320 USA",Chesapeake,VA,23320,36.744847532121,-76.258164499254,ok,
"FASTSIGNS of Fairfax, VA","10341-A Democracy Ln Fairfax, VA 22030 USA",Fairfax,VA,22030,38.849321249616,-77.301433453615,ok,
"FASTSIGNS of Forest - Lynchburg, VA","3 Millrace Drive Lynchburg, VA 24502 USA",Lynchburg,VA,24502,37.375978077451,-79.239994244481,ok,
"FASTSIGNS of Fredericksburg, VA","3940 Plank Rd. , Suite X Fredericksburg, VA 22407 USA",Fredericksburg,VA,22407,38.290727720822,-77.527368853623,ok,
"FASTSIGNS of Herndon, VA","21240 Ashburn Crossing Dr, Suite 145 Ashburn, VA 20147 USA",Ashburn,VA,20147,,,failed,
"FASTSIGNS of Leesburg, VA","934 Edwards Ferry Rd NE Leesburg, VA 20176-3324 USA",Leesburg,VA,20176,39.113747510972,-77.539108539267,ok,
"FASTSIGNS of Manassas, VA","7612 Stream Walk Ln Manassas, VA 20109 USA",Manassas,VA,20109,38.795416623655,-77.521860325254,ok,
"FASTSIGNS of Norfolk, VA","2000 Colonial Ave, Ste 5 Norfolk, VA 23517 USA",Norfolk,VA,23517,36.868284758701,-76.292101294675,ok,
"FASTSIGNS of Richmond, VA - Downtown","532 E Main St Richmond, VA 23219 USA",Richmond,VA,23219,37.540220819299,-77.439539512453,ok,
"FASTSIGNS of Richmond, VA - Southside","1217 Carmia Way Bon Air, VA 23235 USA",Bon Air,VA,23235,37.508439611404,-77.603020506868,ok,
"FASTSIGNS of Richmond, VA - West End","10817 W Broad St Richmond, VA 23058 USA",Richmond,VA,23058,,,failed,
"FASTSIGNS of Roanoke, VA","3148 Williamson Road NW Roanoke, VA 24012 USA",Roanoke,VA,24012,37.299797880492,-79.94118040332,ok,
"FASTSIGNS of Salem, VA","146 W 4th St Salem, VA 24153-5035 USA",Salem,VA,24153,37.285941704408,-80.060763330783,ok,
"FASTSIGNS of Springfield, VA","7200 Telegraph Square Drive, Unit N Lorton, VA 22079 USA",Lorton,VA,22079,38.717119186065,-77.193654037539,ok,
"FASTSIGNS of Stafford, VA","2142 Richmond Hwy., Suite 103 Stafford, VA 22554 USA",Stafford,VA,22554,,,failed,
"FASTSIGNS of Tysons - McLean, VA","1980 Chain Bridge Rd McLean, VA 22102 USA",McLean,VA,22102,38.919729955724,-77.228800917366,ok,
"FASTSIGNS of Virginia Beach, VA","800 Seahawk Circle, Suite 119 Virginia Beach, VA 23452 USA",Virginia Beach,VA,23452,36.813749010228,-76.065877489152,ok,
"FASTSIGNS of Winchester, VA","1720 Valley Ave Winchester, VA 22601-3140 USA",Winchester,VA,22601,39.170779545018,-78.177503899139,ok,
"FASTSIGNS of Yorktown/Newport News, VA","1215 George Washington Mem Hwy, Ste H Yorktown, VA 23693 USA",Yorktown,VA,23693,37.102364657244,-76.458095457369,ok,
"FASTSIGNS of Auburn, WA","1835 Auburn Way N, Ste B Auburn, WA 98002-3348 USA",Auburn,WA,98002,47.323946522598,-122.221617266078,ok,
"FASTSIGNS of Bellevue, WA","13279 NE 20th St Bellevue, WA 98005 USA",Bellevue,WA,98005,47.62797455613,-122.163217655915,ok,seattle
"FASTSIGNS of Burien-West Seattle, WA","922 SW 151st St Burien, WA 98166 USA",Burien,WA,98166,47.467730144588,-122.345955010924,ok,seattle
"FASTSIGNS of Everett, WA","2902 Rucker Ave Everett, WA 98201 USA",Everett,WA,98201,47.97922409479,-122.211553385921,ok,
"FASTSIGNS of Federal Way, WA","32610 Pacific Hwy S, Ste B-4 Federal Way, WA 98003 USA",Way,WA,98003,47.309609142132,-122.313238742699,ok,
"FASTSIGNS of Issaquah, WA","60 NW Gilman Blvd, Ste C Issaquah, WA 98027-2480 USA",Issaquah,WA,98027,47.538993996629,-122.037749719155,ok,
"FASTSIGNS of Kennewick, WA","1409 N Pittsburgh, Ste A Kennewick, WA 99336 USA","1409 N Pittsburgh, Ste A Kennewick",WA,99336,46.224397975605,-119.238619068674,ok,
"FASTSIGNS of Kent, WA - Southcenter","7825 S 180th St Kent, WA 98032 USA",Kent,WA,98032,47.441120438477,-122.235980240489,ok,
"FASTSIGNS of Kirkland, WA","12644 NE 85th St Kirkland, WA 98033-8045 USA",Kirkland,WA,98033,47.679427413529,-122.171973916795,ok,seattle
"FASTSIGNS of Lynnwood, WA","2921 Alderwood Mall Blvd, Ste 104 Lynnwood, WA 98036 USA",Lynnwood,WA,98036,47.825696134975,-122.272172111562,ok,
"FASTSIGNS of North Seattle, WA","12700 Aurora Ave, Suite A Seattle, WA 98133 USA",Seattle,WA,98133,47.721445054839,-122.344874477641,ok,seattle
"FASTSIGNS of Olympia, WA - Lacey","4609 Lacey Blvd SE Lacey, WA 98503 USA",Lacey,WA,98503,47.035807244751,-122.82307590119,ok,
"FASTSIGNS of Seattle, WA - Downtown","1515 9th Ave, Ste 4 Seattle, WA 98101 USA",Seattle,WA,98101,47.612856935162,-122.331537978285,ok,seattle
"FASTSIGNS of Seattle, WA - Queen Anne","1735 Westlake Avenue N., Suite 120 Seattle, WA 98109 USA",Seattle,WA,98109,47.63461684158,-122.340495637473,ok,seattle
"FASTSIGNS of Seattle, WA - University District","7100 Roosevelt Way NE , Ste B Seattle, WA 98115 USA",Seattle,WA,98115,47.680225666656,-122.317344491144,ok,seattle
"FASTSIGNS of Silverdale, WA","9460 Silverdale Way NW Silverdale, WA 98383-8343 USA",Silverdale,WA,98383,47.64930082629,-122.695257234005,ok,
"FASTSIGNS of Spokane, WA","11712 E Montgomery Dr, Ste C1 Spokane, WA 99206-6163 USA",Spokane,WA,99206,47.679909467875,-117.268703717382,ok,
"FASTSIGNS of Tacoma, WA","3502 S 74th St Tacoma, WA 98409 USA",Tacoma,WA,98409,47.190117137025,-122.482477537408,ok,
"FASTSIGNS of Vancouver, WA","14415 SE Mill Plain Blvd, Ste 114B Vancouver, WA 98684 USA",Vancouver,WA,98684,45.61772731054,-122.524809382988,ok,
"FASTSIGNS of Vancouver, WA Coming Soon","123 FASTSIGNS Ave. Vancouver, WA 98668 USA",Vancouver,WA,98668,,,failed,
"FASTSIGNS of Washington, DC","2859 V Street NE Washington, DC 20018 USA",Washington,DC,20018,38.918966399429,-76.969169603832,ok,
"FASTSIGNS of Beckley, WV","107 Beckley Plaza Beckley, WV 25801 USA",107 Beckley Plaza Beckley,WV,25801,37.773441584277,-81.195283688039,ok,
"FASTSIGNS of Martinsburg, WV","212 Viking Way, Ste 2 Martinsburg, WV 25401 USA",Martinsburg,WV,25401,39.46166643797,-77.988519576064,ok,
"FASTSIGNS of Morgantown-Fairmont, WV","2600 Middletown Commons, Suite 225 White Hall, WV 26554 USA","2600 Middletown Commons, Suite 225 White Hall",WV,26554,,,failed,
"FASTSIGNS of South Charleston, WV","5137 MacCorkle Ave SW South Charleston, WV 25309 USA",South Charleston,WV,25309,38.353723214861,-81.737086236417,ok,
"FASTSIGNS of Appleton, WI","135 South Casaloma Dr Appleton, WI 54914 USA",Appleton,WI,54914,44.260489582936,-88.475996186081,ok,
"FASTSIGNS of Eau Claire, WI","3622 Mall Drive Eau Claire, WI 54701 USA",Eau Claire,WI,54701,44.780201466193,-91.460887684487,ok,
"FASTSIGNS of Green Bay, WI","2665 S Oneida St, Ste C Green Bay, WI 54304-5268 USA",Green Bay,WI,54304,44.478179558565,-88.072855760183,ok,
"FASTSIGNS of Kenosha, WI","7536 Pershing Plaza Kenosha, WI 53142-3701 USA",7536 Pershing Plaza Kenosha,WI,53142,42.565768315444,-87.858453987259,ok,
"FASTSIGNS of Madison, WI - Odana Road","6101 Odana Rd Madison, WI 53719 USA",Madison,WI,53719,43.053549762123,-89.486723030961,ok,
"FASTSIGNS of Menomonee Falls, WI","W173N9170 Saint Francis Dr, Ste 1 Menomonee Falls, WI 53051-1995 USA",Menomonee Falls,WI,53051,,,failed,
"FASTSIGNS of Milwaukee, WI - Glendale","5318 N Port Washington Milwaukee, WI 53217 USA",5318 N Port Washington Milwaukee,WI,53217,43.113813883653,-87.916650605782,ok,
"FASTSIGNS of Milwaukee, WI - Greenfield","6700 W Layton Ave Greenfield, WI 53220 USA",Greenfield,WI,53220,42.959375708532,-87.997383159471,ok,
"FASTSIGNS of Milwaukee, WI - Wauwatosa","11020 W Plank Ct Wauwatosa, WI 53226 USA",Wauwatosa,WI,53226,43.046864535726,-88.0514558038,ok,
"FASTSIGNS of Mount Pleasant / Racine, WI","1122 S Airline Rd, Ste 103 Mount Pleasant, WI 53406-3889 USA",Mount Pleasant,WI,53406,42.720282041919,-87.875905274902,ok,
"FASTSIGNS of Sheboygan, WI","3118 S. Business Drive Sheboygan, WI 53081 USA",Sheboygan,WI,53081,43.719884994443,-87.737527552578,ok,
"FASTSIGNS of Stevens Point, WI","2326 Post Road Stevens Point, WI 54481 USA",Point,WI,54481,44.491306036586,-89.551870217839,ok,
"FASTSIGNS of Waukesha, WI","2100 Pewaukee Rd, Suite A Waukesha, WI 53188 USA",Waukesha,WI,53188,43.030202226205,-88.225959522911,ok,